"Txhash","UnixTimestamp","DateTime","From","To","Value","ContractAddress","TokenName","TokenSymbol"
"0xa813361f8d688fa2a483b9fe8a7a5cd620d360cfc712bc8b295cd79b65eb6cb4","1631858717","2021-09-17 06:05:17","0x34278f6f40079eae344cbac61a764bcf85afc949","0x743fc8ba2a5e435b376bd2a7ee5c95b470c85c2d","300,000","0x34278f6f40079eae344cbac61a764bcf85afc949","FF9.io","FF9.io",""
"0x4af5e8211a42448f3deebb94ada65d956488a192291e9a8395d4673571759082","1633556893","2021-10-06 21:48:13","0x3ee301ed8f42d106def4f9d9730ea3367880b771","0x743fc8ba2a5e435b376bd2a7ee5c95b470c85c2d","52.011310502930955088","0x64d91f12ece7362f91a6f8e7940cd55f05060b92","Burn","ASH",""
"0x244d27cc3d57a0094d90a66e1e05aa1c39b374335c799d4a335c23a8facc7b83","1633633358","2021-10-07 19:02:38","0xad2e89a882ee5154a4a97128af74185a3b774759","0x743fc8ba2a5e435b376bd2a7ee5c95b470c85c2d","100","0xff49141f6d9af8df4ed04e2c9ce63b6767f796cc","Trace","TRCE",""
"0x2627fb6ad0d88ebc7c31ff41428049dbe340ab7827dd315b78ccd9c221cc4185","1633634247","2021-10-07 19:17:27","0xad2e89a882ee5154a4a97128af74185a3b774759","0x743fc8ba2a5e435b376bd2a7ee5c95b470c85c2d","500","0xff49141f6d9af8df4ed04e2c9ce63b6767f796cc","Trace","TRCE",""
"0xeab88a5f894a79bdd6f65855e78143429943de57e2c66d62c3a94e02f739ca7c","1633848401","2021-10-10 06:46:41","0x0000000000000000000000000000000000000000","0x743fc8ba2a5e435b376bd2a7ee5c95b470c85c2d","16.614577485","0xd6a2a6d2f88e29938bb6c8d7146cc7a4306647c1","Bamboo Shoots","SHOOTS",""
"0x8944cf7775027bc9d2bb5e25a7ba30e839f8d379d019caf5f468a35afd5192a3","1633848530","2021-10-10 06:48:50","0x743fc8ba2a5e435b376bd2a7ee5c95b470c85c2d","0x65a6761a685c146be3347361ce2629d058fad21b","15","0xd6a2a6d2f88e29938bb6c8d7146cc7a4306647c1","Bamboo Shoots","SHOOTS",""
"0xf3d3682846fcf25dc6de8ad40d716dfe9f3934ffc1b99f594a41ed1c70bc737a","1633852329","2021-10-10 07:52:09","0x0000000000000000000000000000000000000000","0x743fc8ba2a5e435b376bd2a7ee5c95b470c85c2d","13.638884088","0xd6a2a6d2f88e29938bb6c8d7146cc7a4306647c1","Bamboo Shoots","SHOOTS",""
"0x4f5bad27c075431d0e8c2b1f6e84790780d66b207e8c920f00d1299e39099306","1633852483","2021-10-10 07:54:43","0x743fc8ba2a5e435b376bd2a7ee5c95b470c85c2d","0x65a6761a685c146be3347361ce2629d058fad21b","15","0xd6a2a6d2f88e29938bb6c8d7146cc7a4306647c1","Bamboo Shoots","SHOOTS",""
"0xa494b2c1ccc48ab75e5a4dd9e70a40ab34ff5e283aa5121f5a1638a953eeb424","1633855145","2021-10-10 08:39:05","0x0000000000000000000000000000000000000000","0x743fc8ba2a5e435b376bd2a7ee5c95b470c85c2d","9.777774336","0xd6a2a6d2f88e29938bb6c8d7146cc7a4306647c1","Bamboo Shoots","SHOOTS",""
"0x5382ea86330eb28df3c12abab727eb7302a6c54001b95c02c9d5f315923b1cc0","1633855181","2021-10-10 08:39:41","0x0000000000000000000000000000000000000000","0x743fc8ba2a5e435b376bd2a7ee5c95b470c85c2d","0.124999956","0xd6a2a6d2f88e29938bb6c8d7146cc7a4306647c1","Bamboo Shoots","SHOOTS",""
"0xcd34f753a522c0f91dc89c5fd76556e37ea05f726ba93acff72ee9d6fc9f5384","1633855886","2021-10-10 08:51:26","0x743fc8ba2a5e435b376bd2a7ee5c95b470c85c2d","0x65a6761a685c146be3347361ce2629d058fad21b","10","0xd6a2a6d2f88e29938bb6c8d7146cc7a4306647c1","Bamboo Shoots","SHOOTS",""
"0xca5a6d40c04644d32b7948da918b5cf41aac9a9f941a19a212b1630be4346818","1634006240","2021-10-12 02:37:20","0x0000000000000000000000000000000000000000","0x743fc8ba2a5e435b376bd2a7ee5c95b470c85c2d","275.643421492","0xd6a2a6d2f88e29938bb6c8d7146cc7a4306647c1","Bamboo Shoots","SHOOTS",""
"0x5e49393d6769e3818787fe88733cd027798f130179db4cc9dbe325e5418dc72c","1634006773","2021-10-12 02:46:13","0x02aaa417b43f9a23e772276c31c5bd7ed9a682bc","0x743fc8ba2a5e435b376bd2a7ee5c95b470c85c2d","250","0xd6a2a6d2f88e29938bb6c8d7146cc7a4306647c1","Bamboo Shoots","SHOOTS",""
"0xc58c52f2e336c4e2fdf14f72557ad218aad6ab523277462168463a7c6f09fe65","1634006966","2021-10-12 02:49:26","0x743fc8ba2a5e435b376bd2a7ee5c95b470c85c2d","0x0000000000000000000000000000000000000000","500","0xd6a2a6d2f88e29938bb6c8d7146cc7a4306647c1","Bamboo Shoots","SHOOTS",""
"0x67dd4c9acad3cd24a0673a96a23c1086bcb7b7d1ed4db27b719149d1f046907d","1634024662","2021-10-12 07:44:22","0x0000000000000000000000000000000000000000","0x743fc8ba2a5e435b376bd2a7ee5c95b470c85c2d","42.643503508","0xd6a2a6d2f88e29938bb6c8d7146cc7a4306647c1","Bamboo Shoots","SHOOTS",""
"0xbe224734c66129c4f2df7973f6ae6bf14823fddd66501f220e95646dba08cc85","1636366609","2021-11-08 10:16:49","0xc34da1ab0f93dfed30729951dafcfb9ce3e2a9ae","0x743fc8ba2a5e435b376bd2a7ee5c95b470c85c2d","286.756249719313014958","0xcd1faff6e578fa5cac469d2418c95671ba1a62fe","Torum","XTM",""
"0x13e11546703162a80e949062ff3af304a04b6d009fd2ecb907aeba189fac77d4","1637209321","2021-11-18 04:22:01","0x743fc8ba2a5e435b376bd2a7ee5c95b470c85c2d","0xc34da1ab0f93dfed30729951dafcfb9ce3e2a9ae","286.756249719313014958","0xcd1faff6e578fa5cac469d2418c95671ba1a62fe","Torum","XTM",""
"0x203aee908b51389c93378adfcb37a62fd4070920e472f87858b7d18083d57de2","1640376503","2021-12-24 20:08:23","0x0000000000000000000000000000000000000000","0x743fc8ba2a5e435b376bd2a7ee5c95b470c85c2d","186,959,206.9455","0x3b484b82567a09e2588a13d54d032153f0c0aee0","SOS","SOS",""
"0xcbce145c170fb07635e57ef95b8caf525b9df09e2ac6004898a3ce3ae589c70d","1640410065","2021-12-25 05:27:45","0x6ce34081d4efc4b7e10b776f618b5e6ad96370f0","0x743fc8ba2a5e435b376bd2a7ee5c95b470c85c2d","29,351,298.1053","0x3b484b82567a09e2588a13d54d032153f0c0aee0","SOS","SOS",""
"0xfaba13e885150d5253bb366312e78def2e858070d5c342068e91ec63929baec9","1640410460","2021-12-25 05:34:20","0x743fc8ba2a5e435b376bd2a7ee5c95b470c85c2d","0xb82d251b7e92832dccb7f3c6f03ae20f2d7ee597","216,310,505.0508","0x3b484b82567a09e2588a13d54d032153f0c0aee0","SOS","SOS",""
"0xf9c1b2afa2b71a25309205a10cecba5e3f87ab7262f63fcc6d79919c7e2dc456","1640758402","2021-12-29 06:13:22","0x6bba316c48b49bd1eac44573c5c871ff02958469","0x743fc8ba2a5e435b376bd2a7ee5c95b470c85c2d","1,826,056.439806446665897965","0x6bba316c48b49bd1eac44573c5c871ff02958469","Gas DAO","GAS",""
"0xe786d46a8ffd5e27e68ffb89d3666897a1e2481a4fc0349f8c0fe81147e383e2","1640802601","2021-12-29 18:30:01","0x743fc8ba2a5e435b376bd2a7ee5c95b470c85c2d","0xe297c3f3f0190b8341dd543d2d552248207af23a","1,826,056.439806446665897965","0x6bba316c48b49bd1eac44573c5c871ff02958469","Gas DAO","GAS",""
"0xb48fc766d662bd5194f1af3265db6f57954487f3d8c9fda6a1c1fe7c1871447d","1640821765","2021-12-29 23:49:25","0x88e6a0c2ddd26feeb64f039a2c41296fcb3f5640","0x743fc8ba2a5e435b376bd2a7ee5c95b470c85c2d","16,318.267146","0xa0b86991c6218b36c1d19d4a2e9eb0ce3606eb48","USD Coin","USDC",""
