Timestamp,Internal,Hash,To,From,Cost (Ξ),Gas Fees (Ξ),Needs Review,Description
Sep 16 2021 22:53:57 UTC,false,0x26d6333ad0fac1bb0994752eb82c41a48febadc8731ba530d78ccbc2f20a89f8,0x743fc8ba2a5e435b376bd2a7ee5c95b470c85c2d,0x3cd751e6b0078be393132286c442345e5dc49699,3.0,0.001426709277987,true,transaction is external transfer
Sep 17 2021 5:58:18 UTC,false,0x53249efe656aaa73a1a61e89599ce7d9d786be90ec656391aaa7d8331c19ef8e,0xb42a79c03c67c6fae729f1e8faf20bbb0192a46f,0x743fc8ba2a5e435b376bd2a7ee5c95b470c85c2d,1.95,0.00921052,true,
Sep 17 2021 6:4:30 UTC,false,0x3b665056808a060ba6cd2bf2202bf219c71db9e1513819f4ee1dda69c0410334,0xb42a79c03c67c6fae729f1e8faf20bbb0192a46f,0x743fc8ba2a5e435b376bd2a7ee5c95b470c85c2d,0.09,0.00373856,true,
Sep 17 2021 6:8:23 UTC,false,0x2770a9e2d490c80c1f3980eba8506496ef677a14470cb2d0f2e774ce021092f8,0xb42a79c03c67c6fae729f1e8faf20bbb0192a46f,0x743fc8ba2a5e435b376bd2a7ee5c95b470c85c2d,0.06,0.00327124,true,
Sep 17 2021 6:8:52 UTC,false,0x2df941a516310e321f7e066265eed9d8306135e4a241eebcd2175c4ec6889c7d,0xb42a79c03c67c6fae729f1e8faf20bbb0192a46f,0x743fc8ba2a5e435b376bd2a7ee5c95b470c85c2d,0.09,0.002086893538851708,false,failed transaction
Sep 17 2021 6:10:46 UTC,false,0x9b22ad4ee4b16b0cecb3d215ab08694185572dc1dc57ff1bf3066733879666b1,0xb42a79c03c67c6fae729f1e8faf20bbb0192a46f,0x743fc8ba2a5e435b376bd2a7ee5c95b470c85c2d,0.15,0.00327124,true,
Sep 18 2021 20:20:9 UTC,true,0xbdadd30ef19e6ef53eb0ba46745f42c3e650855ab007976ceeac6731eef4670b,0x743fc8ba2a5e435b376bd2a7ee5c95b470c85c2d,0xb42a79c03c67c6fae729f1e8faf20bbb0192a46f,2.25,,true,
Sep 27 2021 19:1:54 UTC,false,0x3b542f9aa5240b74b43e30054363d01bf7f3d02e5a1bbe5a5435165d476fcae1,0xfb7d186e24e128be1f1339fb9c2ba6fdbd87c6f9,0x743fc8ba2a5e435b376bd2a7ee5c95b470c85c2d,0.0,0.01244803,true,
Sep 29 2021 0:49:58 UTC,false,0x999859c7fee426fb0eafc2424c3dd26fa2d18faa8ce1be76c482f018f1732684,0xd26e223018bfd1d5230416dafceaef1db0b092da,0x743fc8ba2a5e435b376bd2a7ee5c95b470c85c2d,0.0,0.004752597513701544,true,
Sep 29 2021 6:11:10 UTC,false,0x9e2f598aa5cff1abb197d97ac2ac9ce9219b3227d360c5e614232b9213b29003,0x9cc26d6c68af6c7b7316dea943f059441a54d68a,0x743fc8ba2a5e435b376bd2a7ee5c95b470c85c2d,0.0,0.00469272,true,
Sep 29 2021 16:15:54 UTC,false,0xc3a0a36189e263a44a69a982bb7999bd6eddc4c16c5f6862a1fe5818a0f30e9e,0x8a1bbef259b00ced668a8c69e50d92619c672176,0x743fc8ba2a5e435b376bd2a7ee5c95b470c85c2d,0.63,0.2474705,true,
Sep 29 2021 18:37:35 UTC,false,0x03303ff7302eb1bf738c2e5c286da2d54f4cfd145dd5e6a2c873eb8f2e22aa2f,0xa5409ec958c83c3f309868babaca7c86dcb077c1,0x743fc8ba2a5e435b376bd2a7ee5c95b470c85c2d,0.0,0.0397602,false,transaction matches known function 'registerProxy'
Sep 29 2021 18:40:17 UTC,false,0x6773561ab5a6af718f0bcdb4a72cf507af9bf360203e79000e273d6668d10add,0xa5409ec958c83c3f309868babaca7c86dcb077c1,0x743fc8ba2a5e435b376bd2a7ee5c95b470c85c2d,0.0,0.0023707,false,failed transaction
Sep 29 2021 18:44:57 UTC,false,0x7df0b0d4b26c98e18543893637a1220e86a3cd83fafe84ca1e7778c74de73db0,0x8a1bbef259b00ced668a8c69e50d92619c672176,0x743fc8ba2a5e435b376bd2a7ee5c95b470c85c2d,0.0,0.003990504465544475,false,transaction matches known function 'setApprovalForAll'
Sep 29 2021 20:40:16 UTC,false,0x7112608c987785481f07c7a1b898d987f585abc83db125f5c37627cd80fa995a,0x6ce34081d4efc4b7e10b776f618b5e6ad96370f0,0x743fc8ba2a5e435b376bd2a7ee5c95b470c85c2d,0.03,0.00168,false,transaction is internal transfer
Sep 29 2021 20:42:33 UTC,true,0x5d80fe059a75369a5b23d3ab662ee48422c331585a8a0df0a2804300dba63ac9,0x743fc8ba2a5e435b376bd2a7ee5c95b470c85c2d,0x7be8076f4ea4a4ad08075c2508e481d6c946d12b,0.5365,,true,
Sep 30 2021 6:8:36 UTC,false,0x0a8e5806d5f606bd2342c77463e626b47de4a568b695883adcc8cdedb2a561be,0x7be8076f4ea4a4ad08075c2508e481d6c946d12b,0x743fc8ba2a5e435b376bd2a7ee5c95b470c85c2d,0.0,0.003582703704887034,false,failed transaction
Sep 30 2021 6:9:54 UTC,false,0x61b46e6bcb683271383189bdab86f1607cb1d13a7c1438fc1bd99d34e4d140cb,0x7be8076f4ea4a4ad08075c2508e481d6c946d12b,0x743fc8ba2a5e435b376bd2a7ee5c95b470c85c2d,0.0,0.00412357,true,
Sep 30 2021 10:55:28 UTC,true,0xa950abca65e4693c6adff41e709f4fb02ba37d53db3cfcee14b63c52bece84e3,0x743fc8ba2a5e435b376bd2a7ee5c95b470c85c2d,0x7be8076f4ea4a4ad08075c2508e481d6c946d12b,0.8324075,,true,
Sep 30 2021 20:54:15 UTC,true,0x7737e335d210cf0ef2c1a011dc797273653056401908fef537387a385e4588d9,0x743fc8ba2a5e435b376bd2a7ee5c95b470c85c2d,0x454cbc099079dc38b145e37e982e524af3279c44,0.010381125,,true,
Sep 30 2021 22:19:50 UTC,false,0x45cfd2182c3b46c9bf5513f4b10a378a6b890cf90627b138ec11aa45bb18327b,0x454cbc099079dc38b145e37e982e524af3279c44,0x743fc8ba2a5e435b376bd2a7ee5c95b470c85c2d,0.0,0.0046213,false,transaction matches known function 'setApprovalForAll'
Sep 30 2021 22:44:46 UTC,false,0xf6cb21521bd73b5fbb0ee4eec0ae989f2752741b63a72226998dec60d36aaf6e,0xda7d7f75c9ab826329888f056026d6ba8525d5bb,0x743fc8ba2a5e435b376bd2a7ee5c95b470c85c2d,0.175,0.18897940153524416,true,
Sep 30 2021 23:7:15 UTC,false,0x5599b0081c2a967e9c9e93df0ddb406567dd903558c2f7d48eca2e90d4c7dad8,0xda7d7f75c9ab826329888f056026d6ba8525d5bb,0x743fc8ba2a5e435b376bd2a7ee5c95b470c85c2d,0.0,0.00374152,false,transaction matches known function 'setApprovalForAll'
Sep 30 2021 23:12:15 UTC,true,0x291b139bb49c9e07639695bed491d8f8b0ef18ea3d398bdbc47905dffe4aff17,0x743fc8ba2a5e435b376bd2a7ee5c95b470c85c2d,0x7be8076f4ea4a4ad08075c2508e481d6c946d12b,0.041125,,true,
Sep 30 2021 23:13:22 UTC,true,0x9cd742fc181c8f561492ddf4b608f7a8ddc58ff00d3df49cd1b85c0b4a85f3eb,0x743fc8ba2a5e435b376bd2a7ee5c95b470c85c2d,0x7be8076f4ea4a4ad08075c2508e481d6c946d12b,0.041125,,true,
Sep 30 2021 23:19:14 UTC,true,0x23c04aaa45e3053f48430a2f85659006995e97c3baa8d97ddba3ae3b2fd57743,0x743fc8ba2a5e435b376bd2a7ee5c95b470c85c2d,0x7be8076f4ea4a4ad08075c2508e481d6c946d12b,0.049875,,true,
Sep 30 2021 23:20:16 UTC,true,0x840971e4713ff700a92302145f67ea55e50f1ebcfbcca9700f5c9c5a20ea3a4c,0x743fc8ba2a5e435b376bd2a7ee5c95b470c85c2d,0x7be8076f4ea4a4ad08075c2508e481d6c946d12b,0.049875,,true,
Sep 30 2021 23:22:33 UTC,true,0x7f445a317d04595bd066ac169134c788aad345b571cdc0c1b65f4353d2f38b48,0x743fc8ba2a5e435b376bd2a7ee5c95b470c85c2d,0x7be8076f4ea4a4ad08075c2508e481d6c946d12b,0.185,,true,
Sep 30 2021 23:24:40 UTC,false,0x39089a7e9e2996fbad9aae910548eeef58c928e51fdbd9582c562ddf3a1bef5e,0xd668a2e001f3385b8bbc5a8682ac3c0d83c19122,0x743fc8ba2a5e435b376bd2a7ee5c95b470c85c2d,1.3955637291666667,0.10380312,true,
Sep 30 2021 23:30:54 UTC,true,0x5c3654e3513d8148a544d20536165ad7b853f0d43cc2dc9f409836ce53264920,0x743fc8ba2a5e435b376bd2a7ee5c95b470c85c2d,0x7be8076f4ea4a4ad08075c2508e481d6c946d12b,0.06125,,true,
Oct 1 2021 0:12:13 UTC,false,0x13f3259d3cf6ec04c6bba900bc3ae63ae88a3d804be1a95594a313606454d66e,0xd668a2e001f3385b8bbc5a8682ac3c0d83c19122,0x743fc8ba2a5e435b376bd2a7ee5c95b470c85c2d,0.0,0.00936414957197693,false,transaction matches known function 'setApprovalForAll'
Oct 1 2021 1:10:10 UTC,true,0xaa6378e2ac7a96969c3c4902ba8c487b4e7b41ed11f1314a4594180b50803b65,0x743fc8ba2a5e435b376bd2a7ee5c95b470c85c2d,0x7be8076f4ea4a4ad08075c2508e481d6c946d12b,0.329805,,true,
Oct 1 2021 1:12:27 UTC,true,0xa63259cc8b5476c22f74701cdc0122c5fb4d1a0c5bd0cfa2da9f805c6d784f12,0x743fc8ba2a5e435b376bd2a7ee5c95b470c85c2d,0x7be8076f4ea4a4ad08075c2508e481d6c946d12b,0.1941575,,true,
Oct 1 2021 2:53:37 UTC,false,0x2bbc424d487f1205fee7563f6b789fd34c9610df3556f3f943fe6e673b289c18,0x7be8076f4ea4a4ad08075c2508e481d6c946d12b,0x743fc8ba2a5e435b376bd2a7ee5c95b470c85c2d,0.0,0.0074986,true,
Oct 1 2021 2:54:51 UTC,false,0xd06a90673050067d0fe777b0f6044f672418ad79651609fbce09a0042e74f903,0x7be8076f4ea4a4ad08075c2508e481d6c946d12b,0x743fc8ba2a5e435b376bd2a7ee5c95b470c85c2d,0.0,0.0074974,true,
Oct 2 2021 3:3:59 UTC,false,0xaf3dd6efb320e4b5f70796538b5c23de7867359f5e898a88897c268e39ed0a80,0x98ef6c09fb0002c682f2b817c9b2c2c7010deafd,0x743fc8ba2a5e435b376bd2a7ee5c95b470c85c2d,0.27,0.0412327,true,
Oct 2 2021 3:10:49 UTC,false,0xf06e0eb98013cb36d4baa00aec681244d3cdc5e309fff38a0c0f0d4042af3897,0x98ef6c09fb0002c682f2b817c9b2c2c7010deafd,0x743fc8ba2a5e435b376bd2a7ee5c95b470c85c2d,0.18,0.02546766,true,
Oct 2 2021 3:13:45 UTC,false,0xe62353c3f2db02b961c7dbd699d59ca8d8b1d84c0a893c18247d792e1caf0bf7,0x98ef6c09fb0002c682f2b817c9b2c2c7010deafd,0x743fc8ba2a5e435b376bd2a7ee5c95b470c85c2d,0.0,0.00369456,false,transaction matches known function 'setApprovalForAll'
Oct 2 2021 3:37:5 UTC,true,0x2f744d267aa0358acf05b9efd848894223a649fd97d7fba30b0e6fea2f61bcd0,0x743fc8ba2a5e435b376bd2a7ee5c95b470c85c2d,0x7be8076f4ea4a4ad08075c2508e481d6c946d12b,0.0925,,true,
Oct 2 2021 3:39:11 UTC,true,0x6a08ccd7f0d527ba043d0773253ef4d4d0c311eee08dddfe0cfafd17d3c9687f,0x743fc8ba2a5e435b376bd2a7ee5c95b470c85c2d,0x7be8076f4ea4a4ad08075c2508e481d6c946d12b,0.0925,,true,
Oct 2 2021 3:41:12 UTC,true,0xfe8ddde7e58431b7743f72c757afb1d933cb8a0ac524b01d6c0d2630a623c035,0x743fc8ba2a5e435b376bd2a7ee5c95b470c85c2d,0x7be8076f4ea4a4ad08075c2508e481d6c946d12b,0.0925,,true,
Oct 2 2021 3:41:31 UTC,true,0x10141ee32da117f622f0ad9cf75eb9dae4a9d6067bb560da3e0897edc8f53b0d,0x743fc8ba2a5e435b376bd2a7ee5c95b470c85c2d,0x7be8076f4ea4a4ad08075c2508e481d6c946d12b,0.0925,,true,
Oct 2 2021 3:42:49 UTC,true,0x1c0d23e64a08d8af4449d0f0454ff020fcf5267d9034277ba3478194869dc8fd,0x743fc8ba2a5e435b376bd2a7ee5c95b470c85c2d,0x7be8076f4ea4a4ad08075c2508e481d6c946d12b,0.091575,,true,
Oct 3 2021 20:56:1 UTC,false,0x2ac39de6622cb8d581605ba7b4685f69fdc1e45d49d448e93d89581e2d64a87b,0x004cb0824debecf4bc0ce8ee42d1d4db76df3248,0x743fc8ba2a5e435b376bd2a7ee5c95b470c85c2d,0.14092331061080678,0.00126,true,transaction is external transfer
Oct 4 2021 0:9:52 UTC,false,0x450aabd464f160a9a23434a8bc160bbf341eacbc86f68a9e2b9d30cf569e375d,0xa45ef87f51b84dbd0d5b003d288b16d3d044fe6f,0x743fc8ba2a5e435b376bd2a7ee5c95b470c85c2d,0.12,0.02056964,true,
Oct 4 2021 0:13:28 UTC,false,0x3abb9785f81c825bf9e13a0e65e0709f0a1721ac57f5fafe1ebd1b9cc0884b85,0xa45ef87f51b84dbd0d5b003d288b16d3d044fe6f,0x743fc8ba2a5e435b376bd2a7ee5c95b470c85c2d,0.0,0.003979105,false,transaction matches known function 'setApprovalForAll'
Oct 4 2021 0:24:47 UTC,true,0x56892cdca1d7a8e1a13b372b79846b9230ed7676f6f6441bceb06a73158c3f52,0x743fc8ba2a5e435b376bd2a7ee5c95b470c85c2d,0x7be8076f4ea4a4ad08075c2508e481d6c946d12b,0.1086,,true,
Oct 4 2021 0:27:17 UTC,false,0xb15c6a88dedcccc4f60d2b840ea083e46a7c8a3f3f61e2b3bcdbaf9c0c99458e,0x7be8076f4ea4a4ad08075c2508e481d6c946d12b,0x743fc8ba2a5e435b376bd2a7ee5c95b470c85c2d,0.0,0.006598768,true,
Oct 4 2021 5:31:23 UTC,false,0x0e1b2ca2083f3da282efccc2a193fb2ceab6e2078ff6f8bce446624fe7e510bd,0xa9fdb3f96fae7c12d70393659867c6115683ada0,0x743fc8ba2a5e435b376bd2a7ee5c95b470c85c2d,0.0,0.00514459,false,transaction matches known function 'setApprovalForAll'
Oct 4 2021 10:35:11 UTC,true,0xc16acc54e3138a6b7b86c2e2544b8af46189d5fb7e9deefb028995f68d14c540,0x743fc8ba2a5e435b376bd2a7ee5c95b470c85c2d,0x7be8076f4ea4a4ad08075c2508e481d6c946d12b,0.783475,,true,
Oct 4 2021 18:48:18 UTC,false,0xc6f670fd73d1e6bf22bb9a83ea8f4faf8f3eb47d941ca1788048a93852b97e70,0x6ce34081d4efc4b7e10b776f618b5e6ad96370f0,0x743fc8ba2a5e435b376bd2a7ee5c95b470c85c2d,0.0,0.00189,false,transaction is internal transfer
Oct 4 2021 18:50:55 UTC,false,0x70fe953698fae4fc0790d301af2b1bb19a6707694a677684f3ea65bb18747d13,0x6ce34081d4efc4b7e10b776f618b5e6ad96370f0,0x743fc8ba2a5e435b376bd2a7ee5c95b470c85c2d,0.5,0.00189,false,transaction is internal transfer
Oct 4 2021 20:0:57 UTC,false,0xc9c533fee6b622cc73a6d9b044b5612ee43aea3a9ff90f26b5486b83440f3ac5,0x93c46751ec242eeb704cf1670385bb11c1e09521,0x743fc8ba2a5e435b376bd2a7ee5c95b470c85c2d,0.2,0.1905288,true,
Oct 4 2021 20:20:2 UTC,true,0xc36000218fd7ff955a29719041791cefefc2f71f880f37b80d83e027ca22f201,0x743fc8ba2a5e435b376bd2a7ee5c95b470c85c2d,0x7be8076f4ea4a4ad08075c2508e481d6c946d12b,0.114,,true,
Oct 4 2021 20:41:51 UTC,true,0x740844200cdfcdf45c5f84283817b3b503ce17460ef8fc18467547a3900038a0,0x743fc8ba2a5e435b376bd2a7ee5c95b470c85c2d,0x7be8076f4ea4a4ad08075c2508e481d6c946d12b,0.1425,,true,
Oct 4 2021 20:43:47 UTC,true,0xe92bfbc27ae7779c6670f23c32858fe547d543b1bd4cb2ba0bdcb4a51d82e42a,0x743fc8ba2a5e435b376bd2a7ee5c95b470c85c2d,0x7be8076f4ea4a4ad08075c2508e481d6c946d12b,0.228,,true,
Oct 4 2021 21:14:35 UTC,true,0x7d4792663a8e392be25bd72e50339746abc6ce6cbf3086056dd9e4083b880130,0x743fc8ba2a5e435b376bd2a7ee5c95b470c85c2d,0x7be8076f4ea4a4ad08075c2508e481d6c946d12b,0.11875,,true,
Oct 4 2021 21:15:10 UTC,true,0xf092509a2351928e19f4b5c7358cccec0192eeeda9e7626fbf7f13a34229d1bc,0x743fc8ba2a5e435b376bd2a7ee5c95b470c85c2d,0x7be8076f4ea4a4ad08075c2508e481d6c946d12b,0.11875,,true,
Oct 4 2021 21:42:20 UTC,true,0xfe0b8a5a725f8f47a2b3a13d09aa9095aedd885d4e8f2ffe63c72e669585da7b,0x743fc8ba2a5e435b376bd2a7ee5c95b470c85c2d,0x7be8076f4ea4a4ad08075c2508e481d6c946d12b,0.1121,,true,
Oct 4 2021 21:44:34 UTC,true,0xc055618ecdc2e0d76df6f2155f60456cb62084c5ad7d7f74a80be64f4319ea8e,0x743fc8ba2a5e435b376bd2a7ee5c95b470c85c2d,0x7be8076f4ea4a4ad08075c2508e481d6c946d12b,0.1121,,true,
Oct 4 2021 21:47:28 UTC,true,0xbbf1b67ca00d16ab03bc98654e1b7294d7c239a2783d6da65856196981163933,0x743fc8ba2a5e435b376bd2a7ee5c95b470c85c2d,0x7be8076f4ea4a4ad08075c2508e481d6c946d12b,0.1121,,true,
Oct 5 2021 2:22:56 UTC,false,0x884225b3632389a12d4b3b75d92927e6018e2b24a5f6607e297551819e8442a5,0x7be8076f4ea4a4ad08075c2508e481d6c946d12b,0x743fc8ba2a5e435b376bd2a7ee5c95b470c85c2d,0.16,0.02752848,false,transaction matches known function 'atomicMatch_'
Oct 5 2021 4:33:32 UTC,true,0xb987709202097d4f0917f89d53acdc64f0032c4c8173454133090e32591b707d,0x743fc8ba2a5e435b376bd2a7ee5c95b470c85c2d,0x7be8076f4ea4a4ad08075c2508e481d6c946d12b,0.1266095,,true,
Oct 5 2021 18:30:30 UTC,false,0x08c3d8f82a90d1b5ac2d4a1779c2c783c4155628d9266581688751c1d2b3226a,0x7cba74d0b16c8e18a9e48d3b7404d7739bb24f23,0x743fc8ba2a5e435b376bd2a7ee5c95b470c85c2d,0.45,0.6438996,true,
Oct 5 2021 18:47:31 UTC,false,0x37f4226b728837eb09640331d0ab0f9167cea840afb13170132b831372f53d46,0x7cba74d0b16c8e18a9e48d3b7404d7739bb24f23,0x743fc8ba2a5e435b376bd2a7ee5c95b470c85c2d,0.0,0.010507873420021762,false,transaction matches known function 'setApprovalForAll'
Oct 5 2021 19:22:19 UTC,true,0xce9911235e3108e52ba3299c81ee3a83805fc4bbf7502ecd432c3013997a442b,0x743fc8ba2a5e435b376bd2a7ee5c95b470c85c2d,0x7be8076f4ea4a4ad08075c2508e481d6c946d12b,0.26505,,true,
Oct 5 2021 19:24:6 UTC,true,0x8a11fc4c980e8990a077eaa3cdc26c6f1dfa59c22db47a451372c4c4a8af6317,0x743fc8ba2a5e435b376bd2a7ee5c95b470c85c2d,0x7be8076f4ea4a4ad08075c2508e481d6c946d12b,0.27075,,true,
Oct 5 2021 19:30:38 UTC,false,0x9b73e1be74474a40cee9f9ee125f18a7690a871bf64ded4b0cdfcda5f7706bb6,0xa45ef87f51b84dbd0d5b003d288b16d3d044fe6f,0x743fc8ba2a5e435b376bd2a7ee5c95b470c85c2d,0.6,0.7199466,true,
Oct 5 2021 19:54:11 UTC,true,0x64591479b3c351a08af0a21e415fdeb808685291ee9a120be31fa9cf5914c5dc,0x743fc8ba2a5e435b376bd2a7ee5c95b470c85c2d,0x7be8076f4ea4a4ad08075c2508e481d6c946d12b,0.181,,true,
Oct 5 2021 20:0:30 UTC,true,0xe28ad165f2ac72fa2a6ca9b0033469bbbd626692bca2019f778e5bd826b53515,0x743fc8ba2a5e435b376bd2a7ee5c95b470c85c2d,0x7be8076f4ea4a4ad08075c2508e481d6c946d12b,0.22625,,true,
Oct 5 2021 20:3:0 UTC,true,0xeaa5742987712ba0c035132fad26a83a7fa72020e6c1a603d003ad3138c29c65,0x743fc8ba2a5e435b376bd2a7ee5c95b470c85c2d,0x7be8076f4ea4a4ad08075c2508e481d6c946d12b,0.22625,,true,
Oct 5 2021 20:3:0 UTC,true,0x484c6dc9667bf214cbe45eec1273f299613eb9b0cacf6d5ba865f72371f5c943,0x743fc8ba2a5e435b376bd2a7ee5c95b470c85c2d,0x7be8076f4ea4a4ad08075c2508e481d6c946d12b,0.227905,,true,
Oct 5 2021 20:3:44 UTC,true,0x16da582ef14b3745cd1ebc7cb16a8d68d1ed63110047d2bf90f2d876944c53f6,0x743fc8ba2a5e435b376bd2a7ee5c95b470c85c2d,0x7be8076f4ea4a4ad08075c2508e481d6c946d12b,0.22625,,true,
Oct 5 2021 20:4:34 UTC,true,0xf0dae4bb6854297fe52f480eff9068779ae0e973fef1b12a8b75a01d10863193,0x743fc8ba2a5e435b376bd2a7ee5c95b470c85c2d,0x7be8076f4ea4a4ad08075c2508e481d6c946d12b,0.227905,,true,
Oct 5 2021 20:43:18 UTC,true,0xf7f6e09ee62b7e2ef1c9ab933345233e7b38553d6ac02abad8fdb3234f4d0138,0x743fc8ba2a5e435b376bd2a7ee5c95b470c85c2d,0x7be8076f4ea4a4ad08075c2508e481d6c946d12b,0.1629,,true,
Oct 5 2021 20:44:53 UTC,true,0xb60e0898ceacfd0c10d1db8953846f41138a85734675cc3a79bc0104c4a970bd,0x743fc8ba2a5e435b376bd2a7ee5c95b470c85c2d,0x7be8076f4ea4a4ad08075c2508e481d6c946d12b,0.1629,,true,
Oct 6 2021 0:3:46 UTC,true,0x8b9a7bb68ca12ec483396ef5103d2e227602ea7a2c9118035a1bd5acebc19932,0x743fc8ba2a5e435b376bd2a7ee5c95b470c85c2d,0x7be8076f4ea4a4ad08075c2508e481d6c946d12b,0.15385,,true,
Oct 6 2021 0:5:29 UTC,true,0x38e75aabd2b453e2314fef759de9e39cf135cb6358b89da7c01fec2a8c15ccd3,0x743fc8ba2a5e435b376bd2a7ee5c95b470c85c2d,0x7be8076f4ea4a4ad08075c2508e481d6c946d12b,0.15385,,true,
Oct 6 2021 0:13:18 UTC,true,0x2dffed2f74f9561c7f36c234447005c77de0e5af744e34321c6f34f6f0248c85,0x743fc8ba2a5e435b376bd2a7ee5c95b470c85c2d,0x7be8076f4ea4a4ad08075c2508e481d6c946d12b,0.15385,,true,
Oct 6 2021 1:4:11 UTC,false,0xa41c525106c9bbdde50ecadfed3d083b6a7f0036313846a3823f1add6f371cd1,0x7be8076f4ea4a4ad08075c2508e481d6c946d12b,0x743fc8ba2a5e435b376bd2a7ee5c95b470c85c2d,0.0,0.01199008,true,
Oct 6 2021 1:4:11 UTC,false,0x9543c72864061ed133de7bfbea8c43664279bc20928bd533bc4fbe54a661407e,0x7be8076f4ea4a4ad08075c2508e481d6c946d12b,0x743fc8ba2a5e435b376bd2a7ee5c95b470c85c2d,0.0,0.011929096702028602,true,
Oct 6 2021 2:9:37 UTC,true,0x393dbb1d2669b9764ed18dbbb52a094511ff8ca2f06d6e765d6047d1cab46ab1,0x743fc8ba2a5e435b376bd2a7ee5c95b470c85c2d,0x7be8076f4ea4a4ad08075c2508e481d6c946d12b,0.22705,,true,
Oct 6 2021 2:10:37 UTC,true,0x07ddcf0c9e365e0f1e1e3b61dcb5a53084285ce8aa00db77a204d64ea994105b,0x743fc8ba2a5e435b376bd2a7ee5c95b470c85c2d,0x7be8076f4ea4a4ad08075c2508e481d6c946d12b,0.22705,,true,
Oct 6 2021 2:19:0 UTC,true,0x8e7fa6d2dcc328bfdc3d7c15b1aadca6f9ac75549a03ec67a79543e06f6a9140,0x743fc8ba2a5e435b376bd2a7ee5c95b470c85c2d,0x7be8076f4ea4a4ad08075c2508e481d6c946d12b,0.11765,,true,
Oct 6 2021 2:21:30 UTC,true,0xd4cdb225cb5d7a2f587aecf9b8691fcfcaa676e68d6d385473c7d67f98196482,0x743fc8ba2a5e435b376bd2a7ee5c95b470c85c2d,0x7be8076f4ea4a4ad08075c2508e481d6c946d12b,0.23085,,true,
Oct 6 2021 2:36:40 UTC,false,0x42d26f3515451a5295c958de377170e6f27467be9d99e8bc4cdf46cf01df4a57,0x7be8076f4ea4a4ad08075c2508e481d6c946d12b,0x743fc8ba2a5e435b376bd2a7ee5c95b470c85c2d,0.0,0.008121494866109738,true,
Oct 6 2021 2:43:33 UTC,true,0x0bafb68f16a753ee4ce2d1138a2ffe60df832085fec69a88cdbfdcd687826c40,0x743fc8ba2a5e435b376bd2a7ee5c95b470c85c2d,0x7be8076f4ea4a4ad08075c2508e481d6c946d12b,0.23655,,true,
Oct 6 2021 2:50:38 UTC,true,0xcaed181e39b7bf46c9bfb06aad69e191560d15dcc18a1ba0341225635ae03f20,0x743fc8ba2a5e435b376bd2a7ee5c95b470c85c2d,0x7be8076f4ea4a4ad08075c2508e481d6c946d12b,0.23655,,true,
Oct 6 2021 2:55:32 UTC,false,0x9cad688ec1bf7f106863e380d7055ae4ee2c74cb382f92641063a0d70c76e38f,0x1d52798dcad378582ce1f5fc6607f1bb070dce40,0x743fc8ba2a5e435b376bd2a7ee5c95b470c85c2d,0.53,0.0021,false,transaction is internal transfer
Oct 6 2021 20:53:6 UTC,false,0xf1d449be773254de53e87c59ee60ff87d1d7fd7f6090bb8410f64b25a9fe42e9,0xc73790870f422350096ef0c19b06df1c0060d3ca,0x743fc8ba2a5e435b376bd2a7ee5c95b470c85c2d,0.49,0.00315,false,transaction is internal transfer
Oct 6 2021 20:54:54 UTC,false,0x33b1591021851281725c22619de0d3a1b0c9fbc9b1946bf1ada2085f3949f3fa,0x9cc26d6c68af6c7b7316dea943f059441a54d68a,0x743fc8ba2a5e435b376bd2a7ee5c95b470c85c2d,0.0,0.00761553,false,transaction matches known function 'transferFrom'
Oct 6 2021 21:48:13 UTC,false,0x4af5e8211a42448f3deebb94ada65d956488a192291e9a8395d4673571759082,0xe592427a0aece92de3edee1f18e0157c05861564,0x743fc8ba2a5e435b376bd2a7ee5c95b470c85c2d,0.33,0.02077426107502758,true,
Oct 7 2021 17:2:46 UTC,false,0xafda57b8481c2c60d48b1c6e076cdf1cc252fff487e43d6f083cf62390621863,0x743fc8ba2a5e435b376bd2a7ee5c95b470c85c2d,0x743fc8ba2a5e435b376bd2a7ee5c95b470c85c2d,0.0,0.0084,false,transaction is internal transfer
Oct 7 2021 19:2:38 UTC,false,0x244d27cc3d57a0094d90a66e1e05aa1c39b374335c799d4a335c23a8facc7b83,0xad2e89a882ee5154a4a97128af74185a3b774759,0x743fc8ba2a5e435b376bd2a7ee5c95b470c85c2d,0.05,0.01516873,true,
Oct 7 2021 19:17:27 UTC,false,0x2627fb6ad0d88ebc7c31ff41428049dbe340ab7827dd315b78ccd9c221cc4185,0xad2e89a882ee5154a4a97128af74185a3b774759,0x743fc8ba2a5e435b376bd2a7ee5c95b470c85c2d,0.25,0.00830671,true,
Oct 8 2021 21:2:40 UTC,false,0xe3b375d48f0bb37cdd59c24de39c9fa1226bded7ea29aaad9779a0a14796647b,0xc051aab77edf25119b1a37740636ddbfb803c4e5,0x743fc8ba2a5e435b376bd2a7ee5c95b470c85c2d,0.48,0.008309,false,failed transaction
Oct 10 2021 3:59:7 UTC,false,0xb388b8c00a9ca6459f9d35a2d5ba27ee65e02a010895c02e6d772f3592f18fbc,0x1d52798dcad378582ce1f5fc6607f1bb070dce40,0x743fc8ba2a5e435b376bd2a7ee5c95b470c85c2d,0.5,0.00126,false,transaction is internal transfer
Oct 10 2021 4:25:43 UTC,false,0xbd874845711e28668f76dff7b4f9624bb6b0e93d405d488cbeaec6aefb97e158,0xaa6612f03443517ced2bdcf27958c22353ceeab9,0x743fc8ba2a5e435b376bd2a7ee5c95b470c85c2d,0.0,0.1839712,true,
Oct 10 2021 4:28:14 UTC,false,0x56757376634cebbadbe965abad2da2d66f075b036c539beb12f845ffa068c2b4,0xaa6612f03443517ced2bdcf27958c22353ceeab9,0x1d52798dcad378582ce1f5fc6607f1bb070dce40,0.0,0.2099504,true,
Oct 10 2021 4:30:27 UTC,false,0x5d6431c0076ffa693d09fc57474769e44bed64ed21b252318d35f913a71e3900,0xaa6612f03443517ced2bdcf27958c22353ceeab9,0x6ce34081d4efc4b7e10b776f618b5e6ad96370f0,0.0,0.23394295,true,
Oct 10 2021 4:39:51 UTC,false,0x49219c0bcbd1779389a0a97aa9ba490da6892f9a7b38da301823bd9e40f64888,0xaa6612f03443517ced2bdcf27958c22353ceeab9,0x1d52798dcad378582ce1f5fc6607f1bb070dce40,0.0,0.00692768,false,transaction matches known function 'transferFrom'
Oct 10 2021 4:42:45 UTC,false,0x30087fc1ea6113368c811a6622875b5ad9a1c29339de9f337be6b1b56912eae0,0xaa6612f03443517ced2bdcf27958c22353ceeab9,0x6ce34081d4efc4b7e10b776f618b5e6ad96370f0,0.0,0.00779364,false,transaction matches known function 'transferFrom'
Oct 10 2021 5:25:18 UTC,false,0x6143e6dbbf3881eb3ea93208c88f0e9fba85eccf42888ff615a9cf8523b581ae,0xaa6612f03443517ced2bdcf27958c22353ceeab9,0x743fc8ba2a5e435b376bd2a7ee5c95b470c85c2d,0.0,0.00324331,false,transaction matches known function 'setApprovalForAll'
Oct 10 2021 5:26:56 UTC,false,0x4a2d0e2c182e6aa6fcb4f9e30ad14c081eb60f8aaabdf15c4f8d6823fc3a7b4c,0xd6a2a6d2f88e29938bb6c8d7146cc7a4306647c1,0x743fc8ba2a5e435b376bd2a7ee5c95b470c85c2d,0.0,0.030403767983982083,true,
Oct 10 2021 6:46:41 UTC,false,0xeab88a5f894a79bdd6f65855e78143429943de57e2c66d62c3a94e02f739ca7c,0xd6a2a6d2f88e29938bb6c8d7146cc7a4306647c1,0x743fc8ba2a5e435b376bd2a7ee5c95b470c85c2d,0.0,0.007725784,true,
Oct 10 2021 6:48:50 UTC,false,0x8944cf7775027bc9d2bb5e25a7ba30e839f8d379d019caf5f468a35afd5192a3,0xd6a2a6d2f88e29938bb6c8d7146cc7a4306647c1,0x743fc8ba2a5e435b376bd2a7ee5c95b470c85c2d,0.0,0.00280098,true,
Oct 10 2021 7:52:9 UTC,false,0xf3d3682846fcf25dc6de8ad40d716dfe9f3934ffc1b99f594a41ed1c70bc737a,0xd6a2a6d2f88e29938bb6c8d7146cc7a4306647c1,0x743fc8ba2a5e435b376bd2a7ee5c95b470c85c2d,0.0,0.00424158,true,
Oct 10 2021 7:54:43 UTC,false,0x4f5bad27c075431d0e8c2b1f6e84790780d66b207e8c920f00d1299e39099306,0xd6a2a6d2f88e29938bb6c8d7146cc7a4306647c1,0x743fc8ba2a5e435b376bd2a7ee5c95b470c85c2d,0.0,0.0022477,true,
Oct 10 2021 8:39:5 UTC,false,0xa494b2c1ccc48ab75e5a4dd9e70a40ab34ff5e283aa5121f5a1638a953eeb424,0xd6a2a6d2f88e29938bb6c8d7146cc7a4306647c1,0x743fc8ba2a5e435b376bd2a7ee5c95b470c85c2d,0.0,0.00424158,true,
Oct 10 2021 8:39:41 UTC,false,0x5382ea86330eb28df3c12abab727eb7302a6c54001b95c02c9d5f315923b1cc0,0xd6a2a6d2f88e29938bb6c8d7146cc7a4306647c1,0x743fc8ba2a5e435b376bd2a7ee5c95b470c85c2d,0.0,0.01485714,true,
Oct 10 2021 8:41:44 UTC,false,0x196b866c946c3f419b952be2d6a305e2556a00de9d36e150b0366bf583a1d3f5,0xaa6612f03443517ced2bdcf27958c22353ceeab9,0x743fc8ba2a5e435b376bd2a7ee5c95b470c85c2d,0.0,0.00277998,false,transaction matches known function 'setApprovalForAll'
Oct 10 2021 8:48:41 UTC,true,0x63c6ccb196a812ed497f5f5edcd4623d7b77fbd35f7f05a9efee4f92d0d4760f,0x743fc8ba2a5e435b376bd2a7ee5c95b470c85c2d,0x7be8076f4ea4a4ad08075c2508e481d6c946d12b,2.4375,,true,
Oct 10 2021 8:51:26 UTC,false,0xcd34f753a522c0f91dc89c5fd76556e37ea05f726ba93acff72ee9d6fc9f5384,0xd6a2a6d2f88e29938bb6c8d7146cc7a4306647c1,0x743fc8ba2a5e435b376bd2a7ee5c95b470c85c2d,0.0,0.0020748,true,
Oct 10 2021 17:32:42 UTC,false,0x4fe2a5169e33826292f645ca42238a2544d1ceffeea6f74e3f5d8db4d6af2227,0xd6a2a6d2f88e29938bb6c8d7146cc7a4306647c1,0x743fc8ba2a5e435b376bd2a7ee5c95b470c85c2d,0.0,0.021918506129177502,true,
Oct 10 2021 19:0:26 UTC,false,0xba87403547a5316e45b3aa22ce817cbd705457ef244bf6129b227509222e5db3,0x444f7787c4ce2349e544d6c70c8d19c0d9edd641,0x743fc8ba2a5e435b376bd2a7ee5c95b470c85c2d,0.2,0.0330785,true,
Oct 10 2021 19:0:34 UTC,false,0x853656ea6a69dd1c4ab869fd09c80b06e56875b940a63a0b5891482428b857fb,0x444f7787c4ce2349e544d6c70c8d19c0d9edd641,0x743fc8ba2a5e435b376bd2a7ee5c95b470c85c2d,0.2,0.004446380178300492,false,failed transaction
Oct 11 2021 2:55:35 UTC,false,0x8c71a5d28eb9e218c245140f698e1449fd12f63009dd0c8ca886b2682c996e1e,0xaa20f900e24ca7ed897c44d92012158f436ef791,0x743fc8ba2a5e435b376bd2a7ee5c95b470c85c2d,0.08,0.03170695,true,
Oct 11 2021 4:30:3 UTC,false,0x910d8e5701f17940fcabe0bc3e24cf591b2a881fa40cede9bb96d479547b719a,0x743fc8ba2a5e435b376bd2a7ee5c95b470c85c2d,0x65a6761a685c146be3347361ce2629d058fad21b,0.75132375,0.001912454058186,true,transaction is external transfer
Oct 12 2021 2:37:20 UTC,false,0xca5a6d40c04644d32b7948da918b5cf41aac9a9f941a19a212b1630be4346818,0xd6a2a6d2f88e29938bb6c8d7146cc7a4306647c1,0x743fc8ba2a5e435b376bd2a7ee5c95b470c85c2d,0.0,0.004970837500597395,true,
Oct 12 2021 2:48:47 UTC,false,0x27d0ad9b9a69b266b5522b74dd1263a7e5d7e92b43cc57100ff4496cd53d4323,0xd6a2a6d2f88e29938bb6c8d7146cc7a4306647c1,0x743fc8ba2a5e435b376bd2a7ee5c95b470c85c2d,0.0,0.0046402,true,
Oct 12 2021 2:49:26 UTC,false,0xc58c52f2e336c4e2fdf14f72557ad218aad6ab523277462168463a7c6f09fe65,0xaa6612f03443517ced2bdcf27958c22353ceeab9,0x743fc8ba2a5e435b376bd2a7ee5c95b470c85c2d,0.0,0.0292206,true,
Oct 12 2021 7:44:22 UTC,false,0x67dd4c9acad3cd24a0673a96a23c1086bcb7b7d1ed4db27b719149d1f046907d,0xd6a2a6d2f88e29938bb6c8d7146cc7a4306647c1,0x743fc8ba2a5e435b376bd2a7ee5c95b470c85c2d,0.0,0.012830857392300066,true,
Oct 12 2021 22:17:11 UTC,false,0x032e33ba71e3f081961d4ae16ad7f2c9630516230560b7c8cb1cb28a18b1eb6f,0x7be8076f4ea4a4ad08075c2508e481d6c946d12b,0x1d52798dcad378582ce1f5fc6607f1bb070dce40,0.03,0.0874188,false,transaction matches known function 'atomicMatch_'
Oct 12 2021 22:32:14 UTC,false,0x602cbef976b58d7b0c5b209c38b13ed2324d9f550914cd3b5342fd0e7b92792a,0xa5409ec958c83c3f309868babaca7c86dcb077c1,0x1d52798dcad378582ce1f5fc6607f1bb070dce40,0.0,0.04970025,false,transaction matches known function 'registerProxy'
Oct 13 2021 3:22:7 UTC,false,0x4c958f35d550389d871e20b43e06fd59349d9bc481506a661c1c4b2ba660ff77,0xd6a2a6d2f88e29938bb6c8d7146cc7a4306647c1,0x743fc8ba2a5e435b376bd2a7ee5c95b470c85c2d,0.0,0.0383621,true,
Oct 15 2021 19:4:57 UTC,false,0xc5e04517d2a9fdf527a30c4fefe39af48c36c8b93e3b8a8f6d6a7ad78a773d47,0xf7143ba42d40eaeb49b88dac0067e54af042e963,0x743fc8ba2a5e435b376bd2a7ee5c95b470c85c2d,0.07,0.145868,true,
Oct 15 2021 19:25:8 UTC,false,0x7b40b354455d682a402f78d015fbcbaa8effe80066a0947d4c6e53a845d5c529,0xf7143ba42d40eaeb49b88dac0067e54af042e963,0x743fc8ba2a5e435b376bd2a7ee5c95b470c85c2d,0.0,0.0092556,false,transaction matches known function 'setApprovalForAll'
Oct 15 2021 19:30:51 UTC,true,0xe1d9bbcf827f83a94ffb416df011a1f3ac6e29614f6277c2eca419be47f8abef,0x743fc8ba2a5e435b376bd2a7ee5c95b470c85c2d,0x7be8076f4ea4a4ad08075c2508e481d6c946d12b,0.5264,,true,
Oct 15 2021 22:30:3 UTC,false,0x4afcbbd6353d742634df688914597531fa997785f2a54d3b3ffbf20bc94a8087,0x7e6bc952d4b4bd814853301bee48e99891424de0,0xc73790870f422350096ef0c19b06df1c0060d3ca,0.21,0.00225281396331745,false,failed transaction
Oct 15 2021 22:35:39 UTC,false,0xb490b8048ec5e4c38ae9776c3348ba4d6ef338984ff7f26fd061df320a47c492,0x743fc8ba2a5e435b376bd2a7ee5c95b470c85c2d,0x743fc8ba2a5e435b376bd2a7ee5c95b470c85c2d,0.0,0.05775,false,transaction is internal transfer
Oct 15 2021 23:36:34 UTC,true,0x7f94c81c3fef6b4fc2c435a7b0ab196fe2d010c4ef48dec635252f6137071474,0x1d52798dcad378582ce1f5fc6607f1bb070dce40,0x7be8076f4ea4a4ad08075c2508e481d6c946d12b,0.185,,true,
Oct 20 2021 3:28:40 UTC,false,0x2e0d35528036ba72968198838b9148187a7e24c60f663fcea547916a9ec9a499,0x7b426a60ce72643fdf11556ee1d0da3c0a041ed8,0x743fc8ba2a5e435b376bd2a7ee5c95b470c85c2d,0.2514,0.01011934,true,
Oct 20 2021 3:31:24 UTC,false,0xa546845e07047bdf7f8174d6b96b23be05829a738d1e19c3fe8780c1bc1bb8ca,0x7b426a60ce72643fdf11556ee1d0da3c0a041ed8,0x743fc8ba2a5e435b376bd2a7ee5c95b470c85c2d,0.0,0.003027030884090631,false,transaction matches known function 'setApprovalForAll'
Oct 20 2021 3:34:7 UTC,true,0x023c1027febb9afa8ea9c8d5553a02b6fff0f984473a51dad04b752029adab18,0x743fc8ba2a5e435b376bd2a7ee5c95b470c85c2d,0x7be8076f4ea4a4ad08075c2508e481d6c946d12b,0.226005,,true,
Oct 20 2021 5:10:5 UTC,false,0x1535a45d4475e83d33a745e9e8fd323640b4a8cb684284259280fa5c8bf526f3,0xf850380c7e9a11e5a1ee65a4c24947de2286524f,0x743fc8ba2a5e435b376bd2a7ee5c95b470c85c2d,0.1,0.00168,true,transaction is external transfer
Oct 20 2021 5:10:28 UTC,false,0xc6f100255ad40c3f3f3a29ec57128a66a9eb21ac134e7d9a3982f8cf3ed4c72f,0xf850380c7e9a11e5a1ee65a4c24947de2286524f,0x743fc8ba2a5e435b376bd2a7ee5c95b470c85c2d,0.1,0.00168,true,transaction is external transfer
Oct 20 2021 5:11:54 UTC,false,0x1a2ddea97469bb8faa8ee7d50f042e660f7068475fc61eaee6b7ecdd83d949b5,0xf850380c7e9a11e5a1ee65a4c24947de2286524f,0x1d52798dcad378582ce1f5fc6607f1bb070dce40,0.1,0.00189,true,transaction is external transfer
Oct 20 2021 5:12:35 UTC,false,0xf69577422e451fdcdbc0af7e2e1b9155e57a73cf41f6c5616644d138f45f40ec,0xf850380c7e9a11e5a1ee65a4c24947de2286524f,0xc73790870f422350096ef0c19b06df1c0060d3ca,0.1,0.00231,true,transaction is external transfer
Oct 20 2021 5:13:27 UTC,false,0x66bc68042a91b18ae1f87db673f3ec5a3d447d2f34b35e5777d3e5ebb3e7b1ef,0xf850380c7e9a11e5a1ee65a4c24947de2286524f,0x743fc8ba2a5e435b376bd2a7ee5c95b470c85c2d,1.0,0.00231,true,transaction is external transfer
Oct 20 2021 5:16:37 UTC,false,0xa7f21750d6e8f43c7c71a23c3366c077204ff9ab2eac8564d51e9f1129d21167,0x6ce34081d4efc4b7e10b776f618b5e6ad96370f0,0x743fc8ba2a5e435b376bd2a7ee5c95b470c85c2d,3.42,0.001155,false,transaction is internal transfer
Oct 20 2021 5:17:26 UTC,false,0x43f286e68287bf91142a14f734dabe6c1d790a5f1869a4b0848ff1e1bb4d3219,0x6ce34081d4efc4b7e10b776f618b5e6ad96370f0,0x1d52798dcad378582ce1f5fc6607f1bb070dce40,0.728,0.00105,false,transaction is internal transfer
Oct 20 2021 5:21:26 UTC,false,0x26c2966cd51cc271a9f934bc3c41c3ecc82cc83691fc40e1553c31649cb0b06f,0x6ce34081d4efc4b7e10b776f618b5e6ad96370f0,0xc73790870f422350096ef0c19b06df1c0060d3ca,0.38,0.001134,false,transaction is internal transfer
Oct 20 2021 18:14:29 UTC,true,0x40248c8b93f2567d14eb05e798c65a4f5b159a9465dc66c47f8444d796ab4494,0x1d52798dcad378582ce1f5fc6607f1bb070dce40,0xd152f549545093347a162dce210e7293f1452150,0.10189,,true,
Oct 20 2021 21:39:3 UTC,true,0xf4172230e32ba20b5a769c3722cf380efde301204bf9bcbfd6026c398fa0f134,0x743fc8ba2a5e435b376bd2a7ee5c95b470c85c2d,0xa5025faba6e70b84f74e9b1113e5f7f4e7f4859f,0.008309,,true,
Oct 22 2021 0:30:18 UTC,false,0x81e51213e2eaf2c297eabc2f534ed3ec78d9d9dfb9d588f4d27c16455cdb9c68,0xc6ca0c797b7b3028d3ae3e94d43a8b124cb114a7,0x6ce34081d4efc4b7e10b776f618b5e6ad96370f0,0.9,0.3272032,true,
Oct 22 2021 0:45:22 UTC,false,0xe740bf3abcec4ace582c684ae7f9fda558a38dd4291028984b84c4838c6aa74d,0xa5409ec958c83c3f309868babaca7c86dcb077c1,0x6ce34081d4efc4b7e10b776f618b5e6ad96370f0,0.0,0.058186511639931672,false,transaction matches known function 'registerProxy'
Oct 22 2021 0:56:26 UTC,true,0x12dd925b52ad0ed1026c76696250871b0c421f5012b8760d048adddecec3c7a7,0x6ce34081d4efc4b7e10b776f618b5e6ad96370f0,0x7be8076f4ea4a4ad08075c2508e481d6c946d12b,0.441,,true,
Oct 22 2021 1:11:29 UTC,true,0x5fccec59a9662bf557c8465e5d186aaa0d02513037c1ec4cc1e0bb680f738c3a,0x6ce34081d4efc4b7e10b776f618b5e6ad96370f0,0x7be8076f4ea4a4ad08075c2508e481d6c946d12b,0.441,,true,
Oct 22 2021 1:26:37 UTC,true,0x5fffa709ceca80a56b4915a01070b872f67012761a0a92caf5d5963e05399120,0x6ce34081d4efc4b7e10b776f618b5e6ad96370f0,0x7be8076f4ea4a4ad08075c2508e481d6c946d12b,0.396,,true,
Oct 29 2021 2:31:51 UTC,true,0x77fccaf659497332908e5e17c4f11bac7dba30e77978e93cce62b479f8c41088,0x743fc8ba2a5e435b376bd2a7ee5c95b470c85c2d,0x7be8076f4ea4a4ad08075c2508e481d6c946d12b,0.06405,,true,
Oct 29 2021 2:47:40 UTC,true,0x592a823a519b95411229048c0579f15e3af3f9ecacb07fec9c5780b76ced6c1b,0x743fc8ba2a5e435b376bd2a7ee5c95b470c85c2d,0x7be8076f4ea4a4ad08075c2508e481d6c946d12b,0.06405,,true,
Oct 29 2021 3:31:45 UTC,true,0x14737781abc3b865b6a0840865a88dd38ff715a1de6595072028856d163a21cc,0x743fc8ba2a5e435b376bd2a7ee5c95b470c85c2d,0x7be8076f4ea4a4ad08075c2508e481d6c946d12b,0.089775,,true,
Oct 29 2021 4:38:35 UTC,true,0xed595f4d95a5493272a15c151af078218112d29bf646398e8d6133de6d1849a6,0x743fc8ba2a5e435b376bd2a7ee5c95b470c85c2d,0x7be8076f4ea4a4ad08075c2508e481d6c946d12b,0.089775,,true,
Nov 8 2021 10:16:49 UTC,false,0xbe224734c66129c4f2df7973f6ae6bf14823fddd66501f220e95646dba08cc85,0x7a250d5630b4cf539739df2c5dacb4c659f2488d,0x743fc8ba2a5e435b376bd2a7ee5c95b470c85c2d,0.05,0.01229882101239815,true,
Nov 11 2021 22:0:26 UTC,false,0xbc508aab4cf3fec455557283d6ce082d472e28cc94af0e47cc2ff05ccce74ea7,0xaa20f900e24ca7ed897c44d92012158f436ef791,0x743fc8ba2a5e435b376bd2a7ee5c95b470c85c2d,0.0,0.0085583926068615,false,transaction matches known function 'setApprovalForAll'
Nov 13 2021 1:43:21 UTC,false,0xbe8741f9e3dde5dc5513b563e1e45af96ae07952ab885ce17ad824eb90e390e5,0x5bdf397bb2912859dbd8011f320a222f79a28d2e,0x6ce34081d4efc4b7e10b776f618b5e6ad96370f0,0.08,0.02580096743996565,true,
Nov 13 2021 1:44:3 UTC,false,0x6e87b119318574b12cb8e1c11dcaaef92ab8688bf9c343155bdb586af1adaa46,0x5bdf397bb2912859dbd8011f320a222f79a28d2e,0x6ce34081d4efc4b7e10b776f618b5e6ad96370f0,0.08,0.027348928645105804,true,
Nov 13 2021 2:6:29 UTC,false,0x0542299c6a23a80ce876923f05890fb36c630a79a076d14d138e2c76319d035d,0x5bdf397bb2912859dbd8011f320a222f79a28d2e,0x6ce34081d4efc4b7e10b776f618b5e6ad96370f0,0.0,0.014121088286820151,false,transaction matches known function 'setApprovalForAll'
Nov 13 2021 2:16:45 UTC,true,0xbe2d975aefb8ccb1f0219ca26b175c9ade9bfd0b9a733c889edba0bebe4af762,0x6ce34081d4efc4b7e10b776f618b5e6ad96370f0,0x7be8076f4ea4a4ad08075c2508e481d6c946d12b,0.4555,,true,
Nov 13 2021 2:46:3 UTC,true,0xa2b421e7f3df189354a29086f7b1a131736645b95c4948d8ac1562644ea7d16e,0x6ce34081d4efc4b7e10b776f618b5e6ad96370f0,0x7be8076f4ea4a4ad08075c2508e481d6c946d12b,0.90189,,true,
Nov 13 2021 20:29:50 UTC,false,0xdddaaac10901f36b34caf702cf1e4a1d1274f6e75051905b779c490d90684f5f,0xcd1faff6e578fa5cac469d2418c95671ba1a62fe,0x743fc8ba2a5e435b376bd2a7ee5c95b470c85c2d,0.0,0.00522465052325282,true,
Nov 16 2021 22:7:3 UTC,false,0xf0201e251c6094ed881ea7ef5caceb17740263fcdebb9ec2c3c1409fcea8d0c2,0x743fc8ba2a5e435b376bd2a7ee5c95b470c85c2d,0x743fc8ba2a5e435b376bd2a7ee5c95b470c85c2d,0.0,0.0147,false,transaction is internal transfer
Nov 16 2021 22:12:1 UTC,false,0x80dfae13a889f5507cf547811fbb57638d1368ecc5dd60263324f58305a90738,0x6ce34081d4efc4b7e10b776f618b5e6ad96370f0,0x6ce34081d4efc4b7e10b776f618b5e6ad96370f0,0.0,0.0105,false,transaction is internal transfer
Nov 18 2021 3:2:0 UTC,false,0x2d48929aed7be9886edceab76f87267edc24cb2a8cf321fe55114ba3b9009685,0x226bf5293692610692e2c996c9875c914d2a7f73,0x743fc8ba2a5e435b376bd2a7ee5c95b470c85c2d,0.15,0.048655,true,
Nov 18 2021 4:22:1 UTC,true,0x13e11546703162a80e949062ff3af304a04b6d009fd2ecb907aeba189fac77d4,0x743fc8ba2a5e435b376bd2a7ee5c95b470c85c2d,0x7a250d5630b4cf539739df2c5dacb4c659f2488d,0.147291910277882524,,true,
Nov 18 2021 4:43:24 UTC,false,0xbc4f17bf73c43898ea718472e961e297125de35787225dad952bf22e904b3c9d,0x226bf5293692610692e2c996c9875c914d2a7f73,0x743fc8ba2a5e435b376bd2a7ee5c95b470c85c2d,0.0,0.007386454485381404,false,transaction matches known function 'setApprovalForAll'
Nov 18 2021 4:49:34 UTC,true,0x50b51bf850737e54d85faceddc0041737ad5cc70d84136146ebbced99a566c51,0x743fc8ba2a5e435b376bd2a7ee5c95b470c85c2d,0x7be8076f4ea4a4ad08075c2508e481d6c946d12b,0.261,,true,
Nov 18 2021 14:35:26 UTC,true,0x1d31e4b38feaf82b87e54c73b761d22f1616c4b62304331acb19cfdfb96c7cf2,0x743fc8ba2a5e435b376bd2a7ee5c95b470c85c2d,0x7be8076f4ea4a4ad08075c2508e481d6c946d12b,0.06048,,true,
Nov 23 2021 8:19:54 UTC,false,0x364db2afceac9b92b85377caf5f57d238067ff760678d23752b2276600a40120,0x02aaa417b43f9a23e772276c31c5bd7ed9a682bc,0x743fc8ba2a5e435b376bd2a7ee5c95b470c85c2d,0.084,0.00189,true,transaction is external transfer
Nov 23 2021 8:20:25 UTC,false,0x24c77766753cacc55017aa415a92ab8b087f6ac8bc2685e4f37b598ebbaece0a,0xa7040eb17ebab220bffd0bafc75236e16a9e1c9d,0x743fc8ba2a5e435b376bd2a7ee5c95b470c85c2d,0.084,0.001827,true,transaction is external transfer
Nov 23 2021 13:0:8 UTC,false,0x7326676772cf8993c4245780e77b690605f7421583e0a84ef7245964fb60b3b2,0x9eeeaf684e228c2d5c89435e010acc02c41dc86b,0x743fc8ba2a5e435b376bd2a7ee5c95b470c85c2d,0.8,0.030504181734,false,failed transaction
Nov 23 2021 13:3:39 UTC,false,0x8d47d688b1a41b35ec26616203104c00bd2c58eecdf46647704503abcf2d2d35,0x9eeeaf684e228c2d5c89435e010acc02c41dc86b,0x6ce34081d4efc4b7e10b776f618b5e6ad96370f0,0.8,0.0084363,false,failed transaction
Nov 27 2021 0:47:14 UTC,false,0xdd7482307b6dfa423892bc8b8728086848582a45d976cdb7fbe5e132fef02ff1,0xc73790870f422350096ef0c19b06df1c0060d3ca,0x6ce34081d4efc4b7e10b776f618b5e6ad96370f0,1.92,0.001575,false,transaction is internal transfer
Nov 27 2021 1:56:16 UTC,false,0x6f38b76f0a7e3a5ef9fd151dcf7e4b4452143a7d118712e2c949b25673b50beb,0xc6ec80029cd2aa4b0021ceb11248c07b25d2de34,0x743fc8ba2a5e435b376bd2a7ee5c95b470c85c2d,0.25,0.002031644648108096,false,failed transaction
Nov 27 2021 1:57:51 UTC,false,0xd90b01ecec93b5f5118014849b1fc811a5410be265e431b8e5b4bbac2391882a,0xc6ec80029cd2aa4b0021ceb11248c07b25d2de34,0x743fc8ba2a5e435b376bd2a7ee5c95b470c85c2d,0.25,0.002336907207543104,false,failed transaction
Nov 27 2021 2:0:26 UTC,false,0x70ef7a3451a07d120115275835de09a3b902f40f7780638a2e3d01a10a40e039,0xc6ec80029cd2aa4b0021ceb11248c07b25d2de34,0xc73790870f422350096ef0c19b06df1c0060d3ca,0.2499999999998,0.019413,false,failed transaction
Nov 27 2021 2:0:59 UTC,false,0xcf75fb9aa154193790f62d3d6b16e829111be753f4d9ea63e34db043b0bb7314,0xc6ec80029cd2aa4b0021ceb11248c07b25d2de34,0x743fc8ba2a5e435b376bd2a7ee5c95b470c85c2d,0.25,0.002801560560546474,false,failed transaction
Nov 28 2021 21:31:59 UTC,false,0x82d7bf3d4008ffc9222fcb70fea2f7fdf3d56f48a54981ce3c57877399c22803,0xb6a5be29c0389b1b1f782d20c892a2a25cf25c39,0x6ce34081d4efc4b7e10b776f618b5e6ad96370f0,0.325,0.0064716,true,
Nov 30 2021 21:20:9 UTC,false,0x8be192f93f692d1bc73b442e3fcfd2ebe94c6cb456dbc3afe0cd0ebff09bd34f,0x79fcdef22feed20eddacbb2587640e45491b757f,0x743fc8ba2a5e435b376bd2a7ee5c95b470c85c2d,0.69,0.3565035,true,
Nov 30 2021 21:55:45 UTC,false,0x8c7a9bdc88961a94ff96970b700e1cc36515c3f236677034bcac2850a3333143,0x79fcdef22feed20eddacbb2587640e45491b757f,0x743fc8ba2a5e435b376bd2a7ee5c95b470c85c2d,0.0,0.010309202234973574,false,transaction matches known function 'setApprovalForAll'
Nov 30 2021 21:59:37 UTC,true,0xd64ad464c0567715b4b3c6d24bb7f0a07426d88b51e193b7a38fdbb5e979a0d3,0x743fc8ba2a5e435b376bd2a7ee5c95b470c85c2d,0x7be8076f4ea4a4ad08075c2508e481d6c946d12b,0.19,,true,
Nov 30 2021 22:0:20 UTC,true,0xd8bdc55652ad54b72bc6721b3c228c3c29e05b98b4d6dfc4fb171bf1198e9fc6,0x743fc8ba2a5e435b376bd2a7ee5c95b470c85c2d,0x7be8076f4ea4a4ad08075c2508e481d6c946d12b,0.19,,true,
Nov 30 2021 22:0:20 UTC,true,0x0a167ca44399ba069e0059d9b38bdc57f3340cc77167d1c49b0f234b3842a57d,0x743fc8ba2a5e435b376bd2a7ee5c95b470c85c2d,0x7be8076f4ea4a4ad08075c2508e481d6c946d12b,0.19,,true,
Nov 30 2021 22:10:36 UTC,true,0x04a6ce9ff16c211da7558788203188e5592df623ebe1346cf0a193eb0e8b4ab6,0x743fc8ba2a5e435b376bd2a7ee5c95b470c85c2d,0x7be8076f4ea4a4ad08075c2508e481d6c946d12b,0.19,,true,
Nov 30 2021 22:12:45 UTC,true,0x6ead22af957e91d53968c89327809c07732f4fa6d5ac2e4163492f1faa0d2a37,0x743fc8ba2a5e435b376bd2a7ee5c95b470c85c2d,0x7be8076f4ea4a4ad08075c2508e481d6c946d12b,0.19,,true,
Nov 30 2021 22:20:6 UTC,true,0x7c242dc53196835596f4d386bcbc4d63095bd0a1c22af9deef17f5af9f3f6555,0x743fc8ba2a5e435b376bd2a7ee5c95b470c85c2d,0x7be8076f4ea4a4ad08075c2508e481d6c946d12b,0.209,,true,
Nov 30 2021 22:21:57 UTC,true,0x3ae80e17f2eab325fe68cc62b8ccebc5b335f8335a440869bde6c04bfb652773,0x743fc8ba2a5e435b376bd2a7ee5c95b470c85c2d,0x7be8076f4ea4a4ad08075c2508e481d6c946d12b,0.76,,true,
Nov 30 2021 22:44:24 UTC,true,0xce2d4e245b0f6168aac4a7e155fc712aaff7a75302c020f8ec3cd91945a178c8,0x743fc8ba2a5e435b376bd2a7ee5c95b470c85c2d,0x7be8076f4ea4a4ad08075c2508e481d6c946d12b,1.425,,true,
Nov 30 2021 22:56:6 UTC,true,0xdac4aef52f9355b87b67deaa75e332e5bc28013c2cd1efdce794a0b292f8eb63,0x743fc8ba2a5e435b376bd2a7ee5c95b470c85c2d,0x7be8076f4ea4a4ad08075c2508e481d6c946d12b,0.285,,true,
Dec 1 2021 2:26:13 UTC,false,0x71f181b25a510ceb394754c415df6b1c76b8276e2b2080a86e1c61e42ac2e77e,0x7be8076f4ea4a4ad08075c2508e481d6c946d12b,0x743fc8ba2a5e435b376bd2a7ee5c95b470c85c2d,0.0,0.0149948,true,
Dec 1 2021 6:3:42 UTC,true,0xeff5176aa885d0e7639d67ed26c6d200e327d8091b4e6470a05a68e3fafa8c34,0x743fc8ba2a5e435b376bd2a7ee5c95b470c85c2d,0x7be8076f4ea4a4ad08075c2508e481d6c946d12b,0.1235,,true,
Dec 2 2021 1:11:57 UTC,false,0x1ae24955528021e5153ebb276161923693cde407212bd7693cee74e566488264,0xc73790870f422350096ef0c19b06df1c0060d3ca,0xc73790870f422350096ef0c19b06df1c0060d3ca,0.0,0.008085,false,transaction is internal transfer
Dec 2 2021 2:31:56 UTC,false,0x30f4ecf3f8e43ed6a2cf662b3fc66472ef2a5841d399c79978fecab10cc45d50,0xc84cc1111adace071e2a57a61c42450d4e133f16,0x743fc8ba2a5e435b376bd2a7ee5c95b470c85c2d,0.13,0.004183065903898128,false,failed transaction
Dec 2 2021 2:31:56 UTC,false,0x9b144fd4ec174d0ba4ea2f4bd23574b9136679f7c67eb4caa3d424e909d3f218,0xc84cc1111adace071e2a57a61c42450d4e133f16,0x6ce34081d4efc4b7e10b776f618b5e6ad96370f0,0.13,0.004183065903898128,false,failed transaction
Dec 5 2021 12:2:38 UTC,false,0x799a869ded71d55d74acb31ed971c66ba35f7c9519a42e3c1cc02d836af32a6f,0x838804a3dd7c717396a68f94e736eaf76b911632,0x743fc8ba2a5e435b376bd2a7ee5c95b470c85c2d,0.07,0.01681919176405325,false,failed transaction
Dec 5 2021 12:2:38 UTC,false,0xfc91876b3724c67ce7c8b6338186b2ae1565fc169ac338e2478f9bcfde8e5f4e,0x838804a3dd7c717396a68f94e736eaf76b911632,0x743fc8ba2a5e435b376bd2a7ee5c95b470c85c2d,0.07,0.01617595176405325,false,failed transaction
Dec 5 2021 12:2:38 UTC,false,0x07e6748c4dc382c50b654faf4dc61f0b51f9a82bc80a872b9bd456f5d05a2a03,0x838804a3dd7c717396a68f94e736eaf76b911632,0x6ce34081d4efc4b7e10b776f618b5e6ad96370f0,0.07,0.010709946,false,failed transaction
Dec 5 2021 12:2:38 UTC,false,0xa9e9f1fb22b3f2ea594a64d0b2054037bae1f1fc3b47d5876ecfb284cdd157fa,0x838804a3dd7c717396a68f94e736eaf76b911632,0xc73790870f422350096ef0c19b06df1c0060d3ca,0.07,0.016081,false,failed transaction
Dec 6 2021 16:26:54 UTC,false,0x5d203f461a7625b8e20b038155ba6f906307e9583cd5b2b64d3ef940b96e0a7a,0xe592427a0aece92de3edee1f18e0157c05861564,0xc73790870f422350096ef0c19b06df1c0060d3ca,0.92,0.014521804648377595,true,
Dec 6 2021 16:35:4 UTC,false,0x4b5b0c83ec0b515596f43ae665c535d3c7b6239f99247c5044ae816fe24ba909,0x15d4c048f83bd7e37d49ea4c83a07267ec4203da,0xc73790870f422350096ef0c19b06df1c0060d3ca,0.0,0.006268556,true,
Dec 6 2021 19:37:5 UTC,false,0xda8eca2f0edac9d27e07fab2e08d69a72b1aa1c48b9905094929ffed571e7d38,0x96583298a7d2c1e623b52033e4fb40f63e5664bd,0xc73790870f422350096ef0c19b06df1c0060d3ca,1.039849825388304955,0.002394,true,transaction is external transfer
Dec 7 2021 1:14:4 UTC,false,0xf19ca1d4c20cd7b1b01f3b3d7c66f0f79670307b8129ea42e466a6986333ed66,0x6ce34081d4efc4b7e10b776f618b5e6ad96370f0,0x96583298a7d2c1e623b52033e4fb40f63e5664bd,1.856773983566540204,0.002205,true,transaction is external transfer
Dec 9 2021 8:52:52 UTC,false,0x3f6a07cbfd12c02b754666639a7459bcae7368eb016500379dd8d6d1098e53d9,0x27d270b7d58d15d455c85c02286413075f3c8a31,0x743fc8ba2a5e435b376bd2a7ee5c95b470c85c2d,0.0,0.003195046250276171,false,transaction matches known function 'setApprovalForAll'
Dec 11 2021 22:1:1 UTC,false,0x8a105e3784784a5929f6795c46750dc461172668e5d9fe0954ed7584298511f7,0x7cae7b9b9a235d1d94102598e1f23310a0618914,0x743fc8ba2a5e435b376bd2a7ee5c95b470c85c2d,0.207,0.05397093,true,
Dec 11 2021 23:25:24 UTC,false,0xed76bb6b328a25f0a60b432a79d34052fe803dfe995b177aa7bd3e5812773be8,0x7cae7b9b9a235d1d94102598e1f23310a0618914,0x743fc8ba2a5e435b376bd2a7ee5c95b470c85c2d,0.0,0.002691460069481097,false,transaction matches known function 'setApprovalForAll'
Dec 12 2021 2:15:3 UTC,true,0xd36bcab43f48ec24cc523c9ad4730a3044ac15c8ae13da17f55048e6527f2502,0x743fc8ba2a5e435b376bd2a7ee5c95b470c85c2d,0x7be8076f4ea4a4ad08075c2508e481d6c946d12b,0.2375,,true,
Dec 12 2021 4:11:49 UTC,true,0xffc8f2c11b0becb8e8097578555d8af4aac8c1626c5db1efd2d4877477306fc8,0x743fc8ba2a5e435b376bd2a7ee5c95b470c85c2d,0x7be8076f4ea4a4ad08075c2508e481d6c946d12b,0.28405,,true,
Dec 14 2021 0:40:52 UTC,false,0x3696ad4ad972ffc27ce8e4d7e8e8380f91b68f53022d95c8d715b0952a6daf2e,0x236672ed575e1e479b8e101aeeb920f32361f6f9,0x743fc8ba2a5e435b376bd2a7ee5c95b470c85c2d,0.0,0.006976817800650141,false,transaction matches known function 'setApprovalForAll'
Dec 14 2021 1:2:56 UTC,true,0x743f988f5aae09f19490b1a1a388af60b8bf3a228a36d18f9af4f62ec5e89a57,0x743fc8ba2a5e435b376bd2a7ee5c95b470c85c2d,0x7be8076f4ea4a4ad08075c2508e481d6c946d12b,0.02975,,true,
Dec 15 2021 6:44:3 UTC,false,0xb5a87a235b01499ebb7a4457a46c95a5f59528f4c608a145cef75493bb5c6a38,0xc3f8a0f5841abff777d3eefa5047e8d413a1c9ab,0x743fc8ba2a5e435b376bd2a7ee5c95b470c85c2d,0.0,0.002448866199821229,false,transaction matches known function 'setApprovalForAll'
Dec 15 2021 8:44:27 UTC,true,0x4644893409f938ceb05cf19277ae42e6560b01153c9f918b74182876e9c51963,0x743fc8ba2a5e435b376bd2a7ee5c95b470c85c2d,0x7be8076f4ea4a4ad08075c2508e481d6c946d12b,0.5035,,true,
Dec 15 2021 16:59:6 UTC,false,0xbb657fcc9a35c208f586dab6d444fcb06ff059e48c90fab9a5d351483728ecaa,0xb4510235b7cac3c870312c732fe8e500ca77d4d8,0x6ce34081d4efc4b7e10b776f618b5e6ad96370f0,0.25,1.031031857,true,
Dec 15 2021 20:0:34 UTC,false,0xf175ce947b084fd418f5c35a3eb397cd2f9365958334eb7d0d7d26cd04a88934,0x62e37f664b5945629b6549a87f8e10ed0b6d923b,0x6ce34081d4efc4b7e10b776f618b5e6ad96370f0,0.0,0.004827055659136837,false,transaction matches known function 'setApprovalForAll'
Dec 15 2021 21:40:25 UTC,false,0xce11e2fbfd9c72d26d0dfda6edd954bc645bc4e0cccd1742932a98acea5941e4,0x25593a50255bfb30ea027f6966417b0bf780401d,0x6ce34081d4efc4b7e10b776f618b5e6ad96370f0,0.2,0.038552128533078201,true,
Dec 15 2021 21:49:36 UTC,false,0x268c133efe7173ff345a2eac31179e8ce42ef35722884d291ac75792522b031e,0x25593a50255bfb30ea027f6966417b0bf780401d,0x6ce34081d4efc4b7e10b776f618b5e6ad96370f0,0.0,0.0047320065549312,false,transaction matches known function 'setApprovalForAll'
Dec 15 2021 21:54:35 UTC,false,0xcf000ae543250d3153c1bc0d09bd75e348dc458be557902d2aedab917eaa34ac,0x25593a50255bfb30ea027f6966417b0bf780401d,0x743fc8ba2a5e435b376bd2a7ee5c95b470c85c2d,0.2,0.0344379,true,
Dec 15 2021 21:59:26 UTC,false,0x546706fe50a2896bb63078bb25154c6b6a98fb0baaa208634c569c8142bbb15e,0x25593a50255bfb30ea027f6966417b0bf780401d,0x743fc8ba2a5e435b376bd2a7ee5c95b470c85c2d,0.0,0.006170682560127975,false,transaction matches known function 'transferFrom'
Dec 15 2021 22:8:22 UTC,true,0x57520790431bd8a5c528ec1e6eaaac5d7a411d9407d7b32fa75e2c6620bd65a5,0x6ce34081d4efc4b7e10b776f618b5e6ad96370f0,0x7be8076f4ea4a4ad08075c2508e481d6c946d12b,0.125685,,true,
Dec 15 2021 22:8:54 UTC,true,0x9ac01d4a4b8bbe10daf70941e13089ccfa50eebcbb3829163ee04ce63a801cb0,0x6ce34081d4efc4b7e10b776f618b5e6ad96370f0,0x7be8076f4ea4a4ad08075c2508e481d6c946d12b,0.125685,,true,
Dec 15 2021 22:20:34 UTC,true,0xa9c5b211ac51e34d47bd223d1c2695da18706feabfd510257f0fbac1bf7439cc,0x6ce34081d4efc4b7e10b776f618b5e6ad96370f0,0x7be8076f4ea4a4ad08075c2508e481d6c946d12b,0.125685,,true,
Dec 15 2021 22:21:13 UTC,false,0x8729fdcf37b9bb98c62bb93c657988b6f36446d131c687f9af5aeb49116f609a,0x25593a50255bfb30ea027f6966417b0bf780401d,0x743fc8ba2a5e435b376bd2a7ee5c95b470c85c2d,0.0,0.006698,false,transaction matches known function 'transferFrom'
Dec 15 2021 22:42:28 UTC,true,0xdc75567f69d19e96011d6d6a732117db9a6f2ee7beb07eb7d12a8506de815f6b,0x6ce34081d4efc4b7e10b776f618b5e6ad96370f0,0x7be8076f4ea4a4ad08075c2508e481d6c946d12b,0.12285,,true,
Dec 15 2021 23:41:49 UTC,false,0xcbd6ccc893e524683bf52d220734b43b2ac78143306d6dc05671188de149d482,0xc3f8a0f5841abff777d3eefa5047e8d413a1c9ab,0x743fc8ba2a5e435b376bd2a7ee5c95b470c85c2d,0.0,0.00294042,false,transaction matches known function 'transferFrom'
Dec 15 2021 23:42:8 UTC,false,0x7e28b3167ba39233a0afc59f063c2549367697ae077892211b4674ed77bb7ca7,0x7be8076f4ea4a4ad08075c2508e481d6c946d12b,0x743fc8ba2a5e435b376bd2a7ee5c95b470c85c2d,0.0,0.004180442230431302,true,
Dec 17 2021 21:59:20 UTC,false,0x4317b7f670bf3720fc0405318c1bd8035214032405598ffd3bd02bfafc174603,0x7828c811636ccf051993c1ec3157b0b732e55b23,0x743fc8ba2a5e435b376bd2a7ee5c95b470c85c2d,0.1,0.01032423093314547,true,
Dec 17 2021 23:0:43 UTC,false,0x8f21bb945b2bb86954852088b07744c259a6b92f2e19d76d08384b3f19a88cda,0x28472a58a490c5e09a238847f66a68a47cc76f0f,0x743fc8ba2a5e435b376bd2a7ee5c95b470c85c2d,0.4,0.101013284516936603,true,
Dec 17 2021 23:0:43 UTC,false,0x6951e05bef7a15c172186aa20b567c15998762777c33e8474492f67d191ac4a3,0x28472a58a490c5e09a238847f66a68a47cc76f0f,0x743fc8ba2a5e435b376bd2a7ee5c95b470c85c2d,0.4,0.061783933592266403,true,
Dec 17 2021 23:0:43 UTC,false,0x2c9f84c0bb2df5ef67fd01f78b7cad0230ca73c63666c9c773094e6991a9e669,0x28472a58a490c5e09a238847f66a68a47cc76f0f,0x6ce34081d4efc4b7e10b776f618b5e6ad96370f0,0.4,0.097926056,true,
Dec 17 2021 23:19:20 UTC,false,0x37707b621b57497b0fe99fcad49a0fa83956bf6d494202d9544332e57e9c1d09,0x28472a58a490c5e09a238847f66a68a47cc76f0f,0x743fc8ba2a5e435b376bd2a7ee5c95b470c85c2d,0.0,0.00385294,false,transaction matches known function 'safeTransferFrom'
Dec 17 2021 23:26:30 UTC,false,0xdccecc6875aa432dd81042488d5a149c06d72dbbba1960888ab3ab1ec13b2af6,0x28472a58a490c5e09a238847f66a68a47cc76f0f,0x6ce34081d4efc4b7e10b776f618b5e6ad96370f0,0.0,0.005235700890959424,false,transaction matches known function 'safeTransferFrom'
Dec 17 2021 23:37:17 UTC,false,0x04af4b6eb7279095c42c09fb5f124eb990cb3ded0c2d6a5c232c20feb3cd7790,0x28472a58a490c5e09a238847f66a68a47cc76f0f,0x743fc8ba2a5e435b376bd2a7ee5c95b470c85c2d,0.0,0.00694275,false,transaction matches known function 'setApprovalForAll'
Dec 18 2021 1:8:37 UTC,true,0xdd0c7e27c018c486ed4480386c3a932072f685645012501d99c3c111e77752de,0x743fc8ba2a5e435b376bd2a7ee5c95b470c85c2d,0x7be8076f4ea4a4ad08075c2508e481d6c946d12b,0.6125,,true,
Dec 18 2021 1:37:44 UTC,true,0x9367ccb1d1754f9ef806aff1ac0a032f836f15237bdd7fb7fccb466cafff6fb0,0x743fc8ba2a5e435b376bd2a7ee5c95b470c85c2d,0x7be8076f4ea4a4ad08075c2508e481d6c946d12b,0.67375,,true,
Dec 18 2021 1:39:29 UTC,true,0x7eb893ea07087373cf1d62bd67d69498876037d10d4e29fc3ea222bbddbba533,0x743fc8ba2a5e435b376bd2a7ee5c95b470c85c2d,0x7be8076f4ea4a4ad08075c2508e481d6c946d12b,0.6825,,true,
Dec 18 2021 1:41:15 UTC,true,0xc2c65ba91389cf5582921b36f7b7fb51f001255f81fde8ebcc0fd0431d37ff5a,0x743fc8ba2a5e435b376bd2a7ee5c95b470c85c2d,0x7be8076f4ea4a4ad08075c2508e481d6c946d12b,0.6825,,true,
Dec 18 2021 2:16:18 UTC,true,0x9e4a829457b0ee4bb624606e13ee53cad5b3616b82426bb3110c5303a7d73be5,0x743fc8ba2a5e435b376bd2a7ee5c95b470c85c2d,0x7be8076f4ea4a4ad08075c2508e481d6c946d12b,0.7874125,,true,
Dec 18 2021 2:32:34 UTC,true,0x436b8595797278b8d3013370a662d3247033e9f3bfdc1e169a759a8db85f1c01,0x743fc8ba2a5e435b376bd2a7ee5c95b470c85c2d,0x7be8076f4ea4a4ad08075c2508e481d6c946d12b,0.7874125,,true,
Dec 18 2021 4:53:1 UTC,true,0xcfebf38a575875069ef9d21da66ba769289f74e70a2b5482b4efdf55a7704960,0x743fc8ba2a5e435b376bd2a7ee5c95b470c85c2d,0x7be8076f4ea4a4ad08075c2508e481d6c946d12b,0.02625,,true,
Dec 18 2021 5:28:56 UTC,true,0x4ff62396331b3d6f1cd12708fb1652626183d1e273e013c7462bdb797aca0b1d,0x743fc8ba2a5e435b376bd2a7ee5c95b470c85c2d,0x7be8076f4ea4a4ad08075c2508e481d6c946d12b,0.017955,,true,
Dec 19 2021 3:7:59 UTC,true,0x8fd3ad94797d7b60995bc9c524746cdc624227d189a8f91c38e3a7fda55b24d5,0x6ce34081d4efc4b7e10b776f618b5e6ad96370f0,0x7be8076f4ea4a4ad08075c2508e481d6c946d12b,0.1253,,true,
Dec 19 2021 5:21:2 UTC,true,0x694a79c612404f7a365ce5c99ae24b7a2024f8e614dca10f79c1b6fc3abe74a6,0x743fc8ba2a5e435b376bd2a7ee5c95b470c85c2d,0x7be8076f4ea4a4ad08075c2508e481d6c946d12b,0.0247,,true,
Dec 19 2021 23:46:0 UTC,false,0x76604a996c652dd1a77cd39aa0028f01e497c5a4f3b174fb9fcb1110b13c7c8a,0xf9d53e156fe880889e777392585feb46d8d840f6,0x743fc8ba2a5e435b376bd2a7ee5c95b470c85c2d,0.10002,0.234165267,true,
Dec 20 2021 0:11:23 UTC,false,0x26a4f52cae65f76217dc1acaf61a0054b041ced99eccee180961b4f04273f992,0x743fc8ba2a5e435b376bd2a7ee5c95b470c85c2d,0x743fc8ba2a5e435b376bd2a7ee5c95b470c85c2d,0.0,0.00168,false,transaction is internal transfer
Dec 20 2021 0:15:10 UTC,false,0xa195054ba30d7ecb87f38dfe78042125992cde43703ddebe165d5e1f58d37873,0xf9d53e156fe880889e777392585feb46d8d840f6,0x743fc8ba2a5e435b376bd2a7ee5c95b470c85c2d,0.0,0.005040655866321096,false,transaction matches known function 'setApprovalForAll'
Dec 20 2021 1:24:58 UTC,false,0xee35e5664f75b8f5abce16ebbd2c6353a156a408444ba387297159f60008b86d,0x7828c811636ccf051993c1ec3157b0b732e55b23,0x743fc8ba2a5e435b376bd2a7ee5c95b470c85c2d,0.0,0.003081215499874585,false,transaction matches known function 'setApprovalForAll'
Dec 20 2021 1:27:43 UTC,true,0x70dbfd5e04517994f5f8ce61e5f8101c614a6cfd3895d6d6800849356f51c9ca,0x743fc8ba2a5e435b376bd2a7ee5c95b470c85c2d,0x7be8076f4ea4a4ad08075c2508e481d6c946d12b,0.1702,,true,
Dec 20 2021 1:38:5 UTC,true,0x3854f24aa731c29571261d0720a220e3ec357a2a0a1ac234a8987da462ad0b2e,0x743fc8ba2a5e435b376bd2a7ee5c95b470c85c2d,0x7be8076f4ea4a4ad08075c2508e481d6c946d12b,0.11196,,true,
Dec 21 2021 3:38:41 UTC,true,0xe39299e1f6cba5a736dc71dd1343d6d260f553c76787d6e8be97aaaf17074268,0x743fc8ba2a5e435b376bd2a7ee5c95b470c85c2d,0x7be8076f4ea4a4ad08075c2508e481d6c946d12b,0.0925,,true,
Dec 23 2021 21:0:50 UTC,false,0x59247dc5ece144cbc013ab473b6ae96a3b673d12808cbeb8ae38b4acd64e6371,0x75e95ba5997eb235f40ecf8347cdb11f18ff640b,0x743fc8ba2a5e435b376bd2a7ee5c95b470c85c2d,0.176,0.004896837843511313,false,failed transaction
Dec 23 2021 21:0:50 UTC,false,0xc253a397a6318a4c1e9b92a2022c2726907da7e60eccd18e872a0cdd8679ce52,0x75e95ba5997eb235f40ecf8347cdb11f18ff640b,0x743fc8ba2a5e435b376bd2a7ee5c95b470c85c2d,0.176,0.004896837843511313,false,failed transaction
Dec 23 2021 21:0:50 UTC,false,0xf2eee36fd95127388bba8531927d19e61faa325e39526448495416a0fb402b40,0x75e95ba5997eb235f40ecf8347cdb11f18ff640b,0x743fc8ba2a5e435b376bd2a7ee5c95b470c85c2d,0.176,0.004896837843511313,false,failed transaction
Dec 24 2021 20:6:29 UTC,false,0x9bb3805b5b57f83c387b501fdcf21d53efd5e0b3c61d578629553e1c4790b6a6,0x3b484b82567a09e2588a13d54d032153f0c0aee0,0x6ce34081d4efc4b7e10b776f618b5e6ad96370f0,0.0,0.0055385571593352,false,failed transaction
Dec 24 2021 20:8:23 UTC,false,0x203aee908b51389c93378adfcb37a62fd4070920e472f87858b7d18083d57de2,0x3b484b82567a09e2588a13d54d032153f0c0aee0,0x743fc8ba2a5e435b376bd2a7ee5c95b470c85c2d,0.0,0.004532457740696403,true,
Dec 24 2021 20:11:17 UTC,false,0x0975766c3b4294e0c06c098cce1ebfae2fe4da6b7b372eaa310531299017ef32,0x3b484b82567a09e2588a13d54d032153f0c0aee0,0x6ce34081d4efc4b7e10b776f618b5e6ad96370f0,0.0,0.004483645585114286,true,
Dec 25 2021 3:13:15 UTC,false,0x374dd4d59272ec9357796a1507e07af76960e1df99e2bd3bc868c3326746c4f4,0x799a9f0a88c3dae6614cabb349883f6046228caa,0x743fc8ba2a5e435b376bd2a7ee5c95b470c85c2d,0.1,0.001145490521469,true,transaction is external transfer
Dec 25 2021 3:24:24 UTC,false,0xd8023d0b24cd0ee9b3ed4d1f0884c7045b396cf962d456693e0c640c74d5084b,0x799a9f0a88c3dae6614cabb349883f6046228caa,0x743fc8ba2a5e435b376bd2a7ee5c95b470c85c2d,2.9,0.001473665684568,true,transaction is external transfer
Dec 25 2021 5:27:45 UTC,false,0xcbce145c170fb07635e57ef95b8caf525b9df09e2ac6004898a3ce3ae589c70d,0x3b484b82567a09e2588a13d54d032153f0c0aee0,0x6ce34081d4efc4b7e10b776f618b5e6ad96370f0,0.0,0.002555438,true,
Dec 25 2021 5:33:7 UTC,false,0xe1e1c0fa73297f4c380bec258aa1148f3fd89d16ba3d08decf948ea029402d24,0x3b484b82567a09e2588a13d54d032153f0c0aee0,0x743fc8ba2a5e435b376bd2a7ee5c95b470c85c2d,0.0,0.0033118223237456,true,
Dec 25 2021 5:34:20 UTC,true,0xfaba13e885150d5253bb366312e78def2e858070d5c342068e91ec63929baec9,0x743fc8ba2a5e435b376bd2a7ee5c95b470c85c2d,0xe592427a0aece92de3edee1f18e0157c05861564,0.410660571567772733,,true,
Dec 29 2021 6:13:22 UTC,false,0xf9c1b2afa2b71a25309205a10cecba5e3f87ab7262f63fcc6d79919c7e2dc456,0x6bba316c48b49bd1eac44573c5c871ff02958469,0x743fc8ba2a5e435b376bd2a7ee5c95b470c85c2d,0.0,0.010878772899183306,true,
Dec 29 2021 6:19:11 UTC,false,0xd4f01eebc1eb3bf5c30c28dd883a56fe31c46f6156725220dae0d7c5640e9fc2,0x6bba316c48b49bd1eac44573c5c871ff02958469,0x743fc8ba2a5e435b376bd2a7ee5c95b470c85c2d,0.0,0.004868671220564874,true,
Dec 29 2021 6:40:55 UTC,false,0x6d03be1a27d234d8e9a1424d1bdddfd55f9291730103619d1c94ee544b45d615,0x68b3465833fb72a70ecdf485e0e4c7bd8665fc45,0x743fc8ba2a5e435b376bd2a7ee5c95b470c85c2d,0.0,0.015386157146969312,false,failed transaction
Dec 29 2021 18:30:1 UTC,true,0xe786d46a8ffd5e27e68ffb89d3666897a1e2481a4fc0349f8c0fe81147e383e2,0x743fc8ba2a5e435b376bd2a7ee5c95b470c85c2d,0x68b3465833fb72a70ecdf485e0e4c7bd8665fc45,0.048434963339037793,,true,
Dec 29 2021 18:32:42 UTC,false,0x2c6f4ef644cff7266f132582f7a05cad3bfc1ede09c991cb7f08cecf5018db78,0xabea9132b05a70803a4e85094fd0e1800777fbef,0x743fc8ba2a5e435b376bd2a7ee5c95b470c85c2d,0.5,0.00635174445278478,true,
Dec 29 2021 23:49:25 UTC,false,0xb48fc766d662bd5194f1af3265db6f57954487f3d8c9fda6a1c1fe7c1871447d,0x68b3465833fb72a70ecdf485e0e4c7bd8665fc45,0x743fc8ba2a5e435b376bd2a7ee5c95b470c85c2d,4.5,0.023874736628525064,true,
