"Txhash","UnixTimestamp","DateTime","From","To","ContractAddress","TokenId","TokenName","TokenSymbol"
"0x2e0d35528036ba72968198838b9148187a7e24c60f663fcea547916a9ec9a499","1634700520","2021-10-20 03:28:40","0x0000000000000000000000000000000000000000","0x743fc8ba2a5e435b376bd2a7ee5c95b470c85c2d","0x7b426a60ce72643fdf11556ee1d0da3c0a041ed8","1","3","3NTITY-8PIRIT Mint Pass","3N8PPASS",""
"0x023c1027febb9afa8ea9c8d5553a02b6fff0f984473a51dad04b752029adab18","1634700847","2021-10-20 03:34:07","0x743fc8ba2a5e435b376bd2a7ee5c95b470c85c2d","0x89bc46b6c863c05cb2b1c76533bbf3b03d34d8ef","0x7b426a60ce72643fdf11556ee1d0da3c0a041ed8","1","1","3NTITY-8PIRIT Mint Pass","3N8PPASS",""
"0x77fccaf659497332908e5e17c4f11bac7dba30e77978e93cce62b479f8c41088","1635474711","2021-10-29 02:31:51","0x743fc8ba2a5e435b376bd2a7ee5c95b470c85c2d","0x1509ee6dc3f18379acc47ab7d349fc1913d2342c","0x7b426a60ce72643fdf11556ee1d0da3c0a041ed8","1","1","3NTITY-8PIRIT Mint Pass","3N8PPASS",""
"0x592a823a519b95411229048c0579f15e3af3f9ecacb07fec9c5780b76ced6c1b","1635475660","2021-10-29 02:47:40","0x743fc8ba2a5e435b376bd2a7ee5c95b470c85c2d","0x5f5ac772abd1cb1392a6eed613a41a288431f406","0x7b426a60ce72643fdf11556ee1d0da3c0a041ed8","1","1","3NTITY-8PIRIT Mint Pass","3N8PPASS",""
"0x2d48929aed7be9886edceab76f87267edc24cb2a8cf321fe55114ba3b9009685","1637204520","2021-11-18 03:02:00","0x0000000000000000000000000000000000000000","0x743fc8ba2a5e435b376bd2a7ee5c95b470c85c2d","0x226bf5293692610692e2c996c9875c914d2a7f73","2","1","","",""
"0x50b51bf850737e54d85faceddc0041737ad5cc70d84136146ebbced99a566c51","1637210974","2021-11-18 04:49:34","0x743fc8ba2a5e435b376bd2a7ee5c95b470c85c2d","0xd52b58d3a0b9d19fbabc9a9cf98ffcdcc9a8161e","0x226bf5293692610692e2c996c9875c914d2a7f73","2","1","","",""
"0x743f988f5aae09f19490b1a1a388af60b8bf3a228a36d18f9af4f62ec5e89a57","1639443776","2021-12-14 01:02:56","0x743fc8ba2a5e435b376bd2a7ee5c95b470c85c2d","0x72a4dc78c0c4a2f804ec467cbd6c3f89063ce62a","0x236672ed575e1e479b8e101aeeb920f32361f6f9","6","1","Frontier","FRONTIER",""
"0x8f21bb945b2bb86954852088b07744c259a6b92f2e19d76d08384b3f19a88cda","1639782043","2021-12-17 23:00:43","0x0000000000000000000000000000000000000000","0x743fc8ba2a5e435b376bd2a7ee5c95b470c85c2d","0x28472a58a490c5e09a238847f66a68a47cc76f0f","0","2","adidas Originals: Into the Metaverse","ADI",""
"0x6951e05bef7a15c172186aa20b567c15998762777c33e8474492f67d191ac4a3","1639782043","2021-12-17 23:00:43","0x0000000000000000000000000000000000000000","0x743fc8ba2a5e435b376bd2a7ee5c95b470c85c2d","0x28472a58a490c5e09a238847f66a68a47cc76f0f","0","2","adidas Originals: Into the Metaverse","ADI",""
"0x37707b621b57497b0fe99fcad49a0fa83956bf6d494202d9544332e57e9c1d09","1639783160","2021-12-17 23:19:20","0x743fc8ba2a5e435b376bd2a7ee5c95b470c85c2d","0x743fc8ba2a5e435b376bd2a7ee5c95b470c85c2d","0x28472a58a490c5e09a238847f66a68a47cc76f0f","0","2","adidas Originals: Into the Metaverse","ADI",""
"0xdccecc6875aa432dd81042488d5a149c06d72dbbba1960888ab3ab1ec13b2af6","1639783590","2021-12-17 23:26:30","0x6ce34081d4efc4b7e10b776f618b5e6ad96370f0","0x743fc8ba2a5e435b376bd2a7ee5c95b470c85c2d","0x28472a58a490c5e09a238847f66a68a47cc76f0f","0","2","adidas Originals: Into the Metaverse","ADI",""
"0xdd0c7e27c018c486ed4480386c3a932072f685645012501d99c3c111e77752de","1639789717","2021-12-18 01:08:37","0x743fc8ba2a5e435b376bd2a7ee5c95b470c85c2d","0x8bf85067188c87c32d701bc1a1442224c5f5308c","0x28472a58a490c5e09a238847f66a68a47cc76f0f","0","1","adidas Originals: Into the Metaverse","ADI",""
"0x9367ccb1d1754f9ef806aff1ac0a032f836f15237bdd7fb7fccb466cafff6fb0","1639791464","2021-12-18 01:37:44","0x743fc8ba2a5e435b376bd2a7ee5c95b470c85c2d","0x26a2186801efb2709fd20d5942016b2924c39097","0x28472a58a490c5e09a238847f66a68a47cc76f0f","0","1","adidas Originals: Into the Metaverse","ADI",""
"0x7eb893ea07087373cf1d62bd67d69498876037d10d4e29fc3ea222bbddbba533","1639791569","2021-12-18 01:39:29","0x743fc8ba2a5e435b376bd2a7ee5c95b470c85c2d","0x327b5d89d54863d932d8cff1fa6e924e9c830ad7","0x28472a58a490c5e09a238847f66a68a47cc76f0f","0","1","adidas Originals: Into the Metaverse","ADI",""
"0xc2c65ba91389cf5582921b36f7b7fb51f001255f81fde8ebcc0fd0431d37ff5a","1639791675","2021-12-18 01:41:15","0x743fc8ba2a5e435b376bd2a7ee5c95b470c85c2d","0x182a3672b2448456a7e509864b9f478b794f7348","0x28472a58a490c5e09a238847f66a68a47cc76f0f","0","1","adidas Originals: Into the Metaverse","ADI",""
"0x9e4a829457b0ee4bb624606e13ee53cad5b3616b82426bb3110c5303a7d73be5","1639793778","2021-12-18 02:16:18","0x743fc8ba2a5e435b376bd2a7ee5c95b470c85c2d","0xd060898213b66f8abf1367f84dde0abcfedd0d58","0x28472a58a490c5e09a238847f66a68a47cc76f0f","0","1","adidas Originals: Into the Metaverse","ADI",""
"0x436b8595797278b8d3013370a662d3247033e9f3bfdc1e169a759a8db85f1c01","1639794754","2021-12-18 02:32:34","0x743fc8ba2a5e435b376bd2a7ee5c95b470c85c2d","0x46bc47efa363c73f722340cbe79557a281b7747e","0x28472a58a490c5e09a238847f66a68a47cc76f0f","0","1","adidas Originals: Into the Metaverse","ADI",""
"0xcfebf38a575875069ef9d21da66ba769289f74e70a2b5482b4efdf55a7704960","1639803181","2021-12-18 04:53:01","0x743fc8ba2a5e435b376bd2a7ee5c95b470c85c2d","0x0275bfaecf5695769270565de6729f9dc2e2e97b","0x236672ed575e1e479b8e101aeeb920f32361f6f9","6","1","Frontier","FRONTIER",""
